Workbook

Sheet CGPA (2)
G1: COLLEGE OF ENGINEERING DEPARTMENT OF ELECTRICAL ENGINEERING Academic Year: 2024/2025 Level: 100
G2: COURSE CODE | I2: {=TRANSPOSE('REG. COURSES'!A10:A24)} -> GST | J2: PHY | K2: WU | L2: WU-GST | M2: WU-GST | N2: COS | O2: BUA | P2: MTH | Q2: MTH | R2: MTH | S2: MTH | T2: MTH | U2: MTH | V2: MTH | W2: MTH
I3: {=TRANSPOSE('REG. COURSES'!B10:B24)} -> 111 | J3: 101 | K3: 111 | L3: 101 | M3: 111 | N3: 101 | O3: 101 | P3: 101 | Q3: 103 | R3: 104 | S3: 105 | T3: 106 | U3: 107 | V3: 108 | W3: 109
G4: CREDIT UNITS | I4: {=TRANSPOSE('REG. COURSES'!C10:C24)} -> 2 | J4: 2 | K4: 1 | L4: 2 | M4: 1 | N4: 3 | O4: 2 | P4: 2 | Q4: 2 | R4: 1 | S4: 1 | T4: 1 | U4: 1 | V4: 1 | W4: 1 | AA4: 12 | AC4: 12 | AE4: 13 | AG4: 14 | AI4: 15 | AK4: 15
A5: S/N | B5: MATRIC NUMBER | C5: NAMES | AG5: Score | AH5: Grade | AI5: Score | AJ5: Grade | AK5: Score | AL5: Grade | AM5: Total Unit Registered | AN5: Total Unit Passed | AO5: Total Unit Failed | AP5: Total Grade Point | AQ5: Grade Points Average | AR5: Remarks Outstanding Courses (Total Outstanding Units)
A6: 1 | I6: 70 | J6: 80 | K6: 78 | L6: 76 | M6: 74 | N6: 76 | O6: 86 | P6: 97 | Q6: 84 | R6: 74 | S6: 79 | T6: 72 | U6: 71 | V6: 80 | W6: 70 | X6: 60 | Y6: 61 | Z6: 62 | AA6: 63 | AB6: 64 | AC6: 65 | AD6: 66 | AE6: 67 | AF6: 68 | AG6: 53 | AH6: ='REG. COURSES'!AA10 -> 0 | AI6: 98 | AJ6: 54 | AK6: ='REG. COURSES'!AD10 -> 0 | AL6: 99 | AP6: {=SUM(VLOOKUP(I7:W7,GRADEPOINT!$A$2:$B$7,2,0)*$I$4:$W$4)} -> 115 | AQ6: =ROUND(AP6/AM7,2) -> 5
I7: {=_xlfn.IFS(I6>= 70,"A",I6>=60,"B",I6>=50,"C",I6>=45,"D",I6>=40,"E",I6<40,"F")} -> A | J7: {=_xlfn.IFS(J6>= 70,"A",J6>=60,"B",J6>=50,"C",J6>=45,"D",J6>=40,"E",J6<40,"F")} -> A | K7: {=_xlfn.IFS(K6>= 70,"A",K6>=60,"B",K6>=50,"C",K6>=45,"D",K6>=40,"E",K6<40,"F")} -> A | L7: {=_xlfn.IFS(L6>= 70,"A",L6>=60,"B",L6>=50,"C",L6>=45,"D",L6>=40,"E",L6<40,"F")} -> A | M7: {=_xlfn.IFS(M6>= 70,"A",M6>=60,"B",M6>=50,"C",M6>=45,"D",M6>=40,"E",M6<40,"F")} -> A | N7: {=_xlfn.IFS(N6>= 70,"A",N6>=60,"B",N6>=50,"C",N6>=45,"D",N6>=40,"E",N6<40,"F")} -> A | O7: {=_xlfn.IFS(O6>= 70,"A",O6>=60,"B",O6>=50,"C",O6>=45,"D",O6>=40,"E",O6<40,"F")} -> A | P7: {=_xlfn.IFS(P6>= 70,"A",P6>=60,"B",P6>=50,"C",P6>=45,"D",P6>=40,"E",P6<40,"F")} -> A | ... AF7: {=_xlfn.IFS(AF6>= 70,"A",AF6>=60,"B",AF6>=50,"C",AF6>=45,"D",AF6>=40,"E",AF6<40,"F")} -> B | AG7: {=_xlfn.IFS(BA6>= 70,"A",BA6>=60,"B",BA6>=50,"C",BA6>=45,"D",BA6>=40,"E",BA6<40,"F")} -> F | AH7: {=_xlfn.IFS(BB6>= 70,"A",BB6>=60,"B",BB6>=50,"C",BB6>=45,"D",BB6>=40,"E",BB6<40,"F")} -> F | AI7: {=_xlfn.IFS(BC6>= 70,"A",BC6>=60,"B",BC6>=50,"C",BC6>=45,"D",BC6>=40,"E",BC6<40,"F")} -> F | AJ7: {=_xlfn.IFS(BD6>= 70,"A",BD6>=60,"B",BD6>=50,"C",BD6>=45,"D",BD6>=40,"E",BD6<40,"F")} -> F | AK7: 50 | AL7: {=_xlfn.IFS(AK7>= 70,"A",AK7>=60,"B",AK7>=50,"C",AK7>=45,"D",AK7>=40,"E",AK7<40,"F")} -> C | AM7: =SUMIFS($I$4:$W$4,I6:W6,">0") -> 23 | AN7: =(SUMIFS($I$4:$W$4,I6:W6,">0")-SUMIFS($I$4:$W$4,I7:W7,"F")) -> 23 | AO7: =SUMIFS($I$4:$W$4,I7:W7,"F") -> 0
A8: 2 | I8: 60 | J8: 67 | K8: 65 | L8: 64 | M8: 68 | N8: 69 | O8: 64 | P8: 63 | Q8: 62 | R8: 61 | S8: 60 | T8: 67 | U8: 65 | V8: 66 | W8: 67 | X8: 60 | Y8: 61 | Z8: 62 | AA8: 63 | AB8: 64 | AC8: 65 | AD8: 66 | AE8: 67 | AF8: 68 | AG8: 40 | AH8: {=_xlfn.IFS(AG8>= 70,"A",AG8>=60,"B",AG8>=50,"C",AG8>=45,"D",AG8>=40,"E",AG8<40,"F")} -> E | AI8: 40 | AJ8: {=_xlfn.IFS(AI8>= 70,"A",AI8>=60,"B",AI8>=50,"C",AI8>=45,"D",AI8>=40,"E",AI8<40,"F")} -> E | AK8: 40 | AL8: {=_xlfn.IFS(AK8>= 70,"A",AK8>=60,"B",AK8>=50,"C",AK8>=45,"D",AK8>=40,"E",AK8<40,"F")} -> E | AP8: {=SUM(VLOOKUP(I9:W9,GRADEPOINT!$A$2:$B$7,2,0)*$I$4:$W$4)} -> 92 | AQ8: =ROUND(AP8/AM9,2) -> 4
I9: {=_xlfn.IFS(I8>= 70,"A",I8>=60,"B",I8>=50,"C",I8>=45,"D",I8>=40,"E",I8<40,"F")} -> B | J9: {=_xlfn.IFS(J8>= 70,"A",J8>=60,"B",J8>=50,"C",J8>=45,"D",J8>=40,"E",J8<40,"F")} -> B | K9: {=_xlfn.IFS(K8>= 70,"A",K8>=60,"B",K8>=50,"C",K8>=45,"D",K8>=40,"E",K8<40,"F")} -> B | L9: {=_xlfn.IFS(L8>= 70,"A",L8>=60,"B",L8>=50,"C",L8>=45,"D",L8>=40,"E",L8<40,"F")} -> B | M9: {=_xlfn.IFS(M8>= 70,"A",M8>=60,"B",M8>=50,"C",M8>=45,"D",M8>=40,"E",M8<40,"F")} -> B | N9: {=_xlfn.IFS(N8>= 70,"A",N8>=60,"B",N8>=50,"C",N8>=45,"D",N8>=40,"E",N8<40,"F")} -> B | O9: {=_xlfn.IFS(O8>= 70,"A",O8>=60,"B",O8>=50,"C",O8>=45,"D",O8>=40,"E",O8<40,"F")} -> B | P9: {=_xlfn.IFS(P8>= 70,"A",P8>=60,"B",P8>=50,"C",P8>=45,"D",P8>=40,"E",P8<40,"F")} -> B | ... AF9: {=_xlfn.IFS(AF8>= 70,"A",AF8>=60,"B",AF8>=50,"C",AF8>=45,"D",AF8>=40,"E",AF8<40,"F")} -> B | AG9: 35 | AH9: {=_xlfn.IFS(AG9>= 70,"A",AG9>=60,"B",AG9>=50,"C",AG9>=45,"D",AG9>=40,"E",AG9<40,"F")} -> F | AI9: 35 | AJ9: {=_xlfn.IFS(AI9>= 70,"A",AI9>=60,"B",AI9>=50,"C",AI9>=45,"D",AI9>=40,"E",AI9<40,"F")} -> F | AK9: 35 | AL9: {=_xlfn.IFS(AK9>= 70,"A",AK9>=60,"B",AK9>=50,"C",AK9>=45,"D",AK9>=40,"E",AK9<40,"F")} -> F | AM9: =SUMIFS($I$4:$W$4,I8:W8,">0") -> 23 | AN9: =(SUMIFS($I$4:$W$4,I8:W8,">0")-SUMIFS($I$4:$W$4,I9:W9,"F")) -> 23 | AO9: =SUMIFS($I$4:$W$4,I9:W9,"F") -> 0
A10: 3 | I10: 64 | J10: 34 | K10: 56 | L10: 28 | M10: 78 | N10: 65 | O10: 40 | P10: 74 | Q10: 88 | R10: 61 | S10: 30 | T10: 45 | U10: 49 | V10: 80 | W10: 70 | X10: 60 | Y10: 61 | Z10: 62 | AA10: 63 | AB10: 64 | AC10: 65 | AD10: 66 | AE10: 67 | AF10: 68 | AG10: 60 | AH10: {=_xlfn.IFS(AG10>= 70,"A",AG10>=60,"B",AG10>=50,"C",AG10>=45,"D",AG10>=40,"E",AG10<40,"F")} -> B | AI10: 60 | AJ10: {=_xlfn.IFS(AI10>= 70,"A",AI10>=60,"B",AI10>=50,"C",AI10>=45,"D",AI10>=40,"E",AI10<40,"F")} -> B | AK10: 60 | AL10: {=_xlfn.IFS(AK10>= 70,"A",AK10>=60,"B",AK10>=50,"C",AK10>=45,"D",AK10>=40,"E",AK10<40,"F")} -> B | AP10: {=SUM(VLOOKUP(I11:W11,GRADEPOINT!$A$2:$B$7,2,0)*$I$4:$W$4)} -> 68 | AQ10: =ROUND(AP10/AM11,2) -> 2.96
I11: {=_xlfn.IFS(I10>= 70,"A",I10>=60,"B",I10>=50,"C",I10>=45,"D",I10>=40,"E",I10<40,"F")} -> B | J11: {=_xlfn.IFS(J10>= 70,"A",J10>=60,"B",J10>=50,"C",J10>=45,"D",J10>=40,"E",J10<40,"F")} -> F | K11: {=_xlfn.IFS(K10>= 70,"A",K10>=60,"B",K10>=50,"C",K10>=45,"D",K10>=40,"E",K10<40,"F")} -> C | L11: {=_xlfn.IFS(L10>= 70,"A",L10>=60,"B",L10>=50,"C",L10>=45,"D",L10>=40,"E",L10<40,"F")} -> F | M11: {=_xlfn.IFS(M10>= 70,"A",M10>=60,"B",M10>=50,"C",M10>=45,"D",M10>=40,"E",M10<40,"F")} -> A | N11: {=_xlfn.IFS(N10>= 70,"A",N10>=60,"B",N10>=50,"C",N10>=45,"D",N10>=40,"E",N10<40,"F")} -> B | O11: {=_xlfn.IFS(O10>= 70,"A",O10>=60,"B",O10>=50,"C",O10>=45,"D",O10>=40,"E",O10<40,"F")} -> E | P11: {=_xlfn.IFS(P10>= 70,"A",P10>=60,"B",P10>=50,"C",P10>=45,"D",P10>=40,"E",P10<40,"F")} -> A | ... AF11: {=_xlfn.IFS(AF10>= 70,"A",AF10>=60,"B",AF10>=50,"C",AF10>=45,"D",AF10>=40,"E",AF10<40,"F")} -> B | AG11: 57 | AH11: {=_xlfn.IFS(AG11>= 70,"A",AG11>=60,"B",AG11>=50,"C",AG11>=45,"D",AG11>=40,"E",AG11<40,"F")} -> C | AI11: 57 | AJ11: {=_xlfn.IFS(AI11>= 70,"A",AI11>=60,"B",AI11>=50,"C",AI11>=45,"D",AI11>=40,"E",AI11<40,"F")} -> C | AK11: 57 | AL11: {=_xlfn.IFS(AK11>= 70,"A",AK11>=60,"B",AK11>=50,"C",AK11>=45,"D",AK11>=40,"E",AK11<40,"F")} -> C | AM11: =SUMIFS($I$4:$W$4,I10:W10,">0") -> 23 | AN11: =(SUMIFS($I$4:$W$4,I10:W10,">0")-SUMIFS($I$4:$W$4,I11:W11,"F")) -> 18 | AO11: =SUMIFS($I$4:$W$4,I11:W11,"F") -> 5
A12: 4 | I12: 70 | J12: 70 | K12: 70 | L12: 70 | M12: 70 | N12: 80 | O12: 23 | P12: 34 | Q12: 21 | R12: 56 | S12: 25 | T12: 34 | U12: 31 | V12: 97 | W12: 29 | X12: 60 | Y12: 61 | Z12: 62 | AA12: 63 | AB12: 64 | AC12: 65 | AD12: 66 | AE12: 67 | AF12: 68 | AG12: 67 | AH12: {=_xlfn.IFS(AG12>= 70,"A",AG12>=60,"B",AG12>=50,"C",AG12>=45,"D",AG12>=40,"E",AG12<40,"F")} -> B | AI12: 67 | AJ12: {=_xlfn.IFS(AI12>= 70,"A",AI12>=60,"B",AI12>=50,"C",AI12>=45,"D",AI12>=40,"E",AI12<40,"F")} -> B | AK12: 67 | AL12: {=_xlfn.IFS(AK12>= 70,"A",AK12>=60,"B",AK12>=50,"C",AK12>=45,"D",AK12>=40,"E",AK12<40,"F")} -> B | AP12: {=SUM(VLOOKUP(I13:W13,GRADEPOINT!$A$2:$B$7,2,0)*$I$4:$W$4)} -> 63 | AQ12: =ROUND(AP12/AM13,2) -> 2.74
I13: {=_xlfn.IFS(I12>= 70,"A",I12>=60,"B",I12>=50,"C",I12>=45,"D",I12>=40,"E",I12<40,"F")} -> A | J13: {=_xlfn.IFS(J12>= 70,"A",J12>=60,"B",J12>=50,"C",J12>=45,"D",J12>=40,"E",J12<40,"F")} -> A | K13: {=_xlfn.IFS(K12>= 70,"A",K12>=60,"B",K12>=50,"C",K12>=45,"D",K12>=40,"E",K12<40,"F")} -> A | L13: {=_xlfn.IFS(L12>= 70,"A",L12>=60,"B",L12>=50,"C",L12>=45,"D",L12>=40,"E",L12<40,"F")} -> A | M13: {=_xlfn.IFS(M12>= 70,"A",M12>=60,"B",M12>=50,"C",M12>=45,"D",M12>=40,"E",M12<40,"F")} -> A | N13: {=_xlfn.IFS(N12>= 70,"A",N12>=60,"B",N12>=50,"C",N12>=45,"D",N12>=40,"E",N12<40,"F")} -> A | O13: {=_xlfn.IFS(O12>= 70,"A",O12>=60,"B",O12>=50,"C",O12>=45,"D",O12>=40,"E",O12<40,"F")} -> F | P13: {=_xlfn.IFS(P12>= 70,"A",P12>=60,"B",P12>=50,"C",P12>=45,"D",P12>=40,"E",P12<40,"F")} -> F | ... AF13: {=_xlfn.IFS(AF12>= 70,"A",AF12>=60,"B",AF12>=50,"C",AF12>=45,"D",AF12>=40,"E",AF12<40,"F")} -> B | AG13: 99 | AH13: {=_xlfn.IFS(AG13>= 70,"A",AG13>=60,"B",AG13>=50,"C",AG13>=45,"D",AG13>=40,"E",AG13<40,"F")} -> A | AI13: 99 | AJ13: {=_xlfn.IFS(AI13>= 70,"A",AI13>=60,"B",AI13>=50,"C",AI13>=45,"D",AI13>=40,"E",AI13<40,"F")} -> A | AK13: 99 | AL13: {=_xlfn.IFS(AK13>= 70,"A",AK13>=60,"B",AK13>=50,"C",AK13>=45,"D",AK13>=40,"E",AK13<40,"F")} -> A | AM13: =SUMIFS($I$4:$W$4,I12:W12,">0") -> 23 | AN13: =(SUMIFS($I$4:$W$4,I12:W12,">0")-SUMIFS($I$4:$W$4,I13:W13,"F")) -> 13 | AO13: =SUMIFS($I$4:$W$4,I13:W13,"F") -> 10
A14: 5 | I14: 45 | J14: 46 | K14: 47 | L14: 48 | M14: 49 | N14: 50 | O14: 51 | P14: 52 | Q14: 53 | R14: 54 | S14: 55 | T14: 56 | U14: 57 | V14: 58 | W14: 59 | X14: 60 | Y14: 61 | Z14: 62 | AA14: 63 | AB14: 64 | AC14: 65 | AD14: 66 | AE14: 67 | AF14: 68 | AG14: 46 | AH14: {=_xlfn.IFS(AG14>= 70,"A",AG14>=60,"B",AG14>=50,"C",AG14>=45,"D",AG14>=40,"E",AG14<40,"F")} -> D | AI14: 46 | AJ14: {=_xlfn.IFS(AI14>= 70,"A",AI14>=60,"B",AI14>=50,"C",AI14>=45,"D",AI14>=40,"E",AI14<40,"F")} -> D | AK14: 46 | AL14: {=_xlfn.IFS(AK14>= 70,"A",AK14>=60,"B",AK14>=50,"C",AK14>=45,"D",AK14>=40,"E",AK14<40,"F")} -> D | AP14: {=SUM(VLOOKUP(I15:W15,GRADEPOINT!$A$2:$B$7,2,0)*$I$4:$W$4)} -> 61 | AQ14: =ROUND(AP14/AM15,2) -> 2.65
I15: {=_xlfn.IFS(I14>= 70,"A",I14>=60,"B",I14>=50,"C",I14>=45,"D",I14>=40,"E",I14<40,"F")} -> D | J15: {=_xlfn.IFS(J14>= 70,"A",J14>=60,"B",J14>=50,"C",J14>=45,"D",J14>=40,"E",J14<40,"F")} -> D | K15: {=_xlfn.IFS(K14>= 70,"A",K14>=60,"B",K14>=50,"C",K14>=45,"D",K14>=40,"E",K14<40,"F")} -> D | L15: {=_xlfn.IFS(L14>= 70,"A",L14>=60,"B",L14>=50,"C",L14>=45,"D",L14>=40,"E",L14<40,"F")} -> D | M15: {=_xlfn.IFS(M14>= 70,"A",M14>=60,"B",M14>=50,"C",M14>=45,"D",M14>=40,"E",M14<40,"F")} -> D | N15: {=_xlfn.IFS(N14>= 70,"A",N14>=60,"B",N14>=50,"C",N14>=45,"D",N14>=40,"E",N14<40,"F")} -> C | O15: {=_xlfn.IFS(O14>= 70,"A",O14>=60,"B",O14>=50,"C",O14>=45,"D",O14>=40,"E",O14<40,"F")} -> C | P15: {=_xlfn.IFS(P14>= 70,"A",P14>=60,"B",P14>=50,"C",P14>=45,"D",P14>=40,"E",P14<40,"F")} -> C | ... AF15: {=_xlfn.IFS(AF14>= 70,"A",AF14>=60,"B",AF14>=50,"C",AF14>=45,"D",AF14>=40,"E",AF14<40,"F")} -> B | AG15: 5 | AH15: {=_xlfn.IFS(AG15>= 70,"A",AG15>=60,"B",AG15>=50,"C",AG15>=45,"D",AG15>=40,"E",AG15<40,"F")} -> F | AI15: 5 | AJ15: {=_xlfn.IFS(AI15>= 70,"A",AI15>=60,"B",AI15>=50,"C",AI15>=45,"D",AI15>=40,"E",AI15<40,"F")} -> F | AK15: 5 | AL15: {=_xlfn.IFS(AK15>= 70,"A",AK15>=60,"B",AK15>=50,"C",AK15>=45,"D",AK15>=40,"E",AK15<40,"F")} -> F | AM15: =SUMIFS($I$4:$W$4,I14:W14,">0") -> 23 | AN15: =(SUMIFS($I$4:$W$4,I14:W14,">0")-SUMIFS($I$4:$W$4,I15:W15,"F")) -> 23 | AO15: =SUMIFS($I$4:$W$4,I15:W15,"F") -> 0
A16: 6 | I16: 45 | J16: 46 | K16: 47 | L16: 48 | M16: 49 | N16: 50 | O16: 51 | P16: 52 | Q16: 53 | R16: 54 | S16: 55 | T16: 56 | U16: 57 | V16: 58 | W16: 59 | X16: 60 | Y16: 61 | Z16: 62 | AA16: 63 | AB16: 64 | AC16: 65 | AD16: 66 | AE16: 67 | AF16: 68 | AG16: 98 | AH16: {=_xlfn.IFS(AG16>= 70,"A",AG16>=60,"B",AG16>=50,"C",AG16>=45,"D",AG16>=40,"E",AG16<40,"F")} -> A | AI16: 76 | AJ16: {=_xlfn.IFS(AI16>= 70,"A",AI16>=60,"B",AI16>=50,"C",AI16>=45,"D",AI16>=40,"E",AI16<40,"F")} -> A | AK16: 76 | AL16: {=_xlfn.IFS(AK16>= 70,"A",AK16>=60,"B",AK16>=50,"C",AK16>=45,"D",AK16>=40,"E",AK16<40,"F")} -> A | AP16: {=SUM(VLOOKUP(I17:W17,GRADEPOINT!$A$2:$B$7,2,0)*$I$4:$W$4)} -> 61 | AQ16: =ROUND(AP16/AM17,2) -> 2.65
I17: {=_xlfn.IFS(I16>= 70,"A",I16>=60,"B",I16>=50,"C",I16>=45,"D",I16>=40,"E",I16<40,"F")} -> D | J17: {=_xlfn.IFS(J16>= 70,"A",J16>=60,"B",J16>=50,"C",J16>=45,"D",J16>=40,"E",J16<40,"F")} -> D | K17: {=_xlfn.IFS(K16>= 70,"A",K16>=60,"B",K16>=50,"C",K16>=45,"D",K16>=40,"E",K16<40,"F")} -> D | L17: {=_xlfn.IFS(L16>= 70,"A",L16>=60,"B",L16>=50,"C",L16>=45,"D",L16>=40,"E",L16<40,"F")} -> D | M17: {=_xlfn.IFS(M16>= 70,"A",M16>=60,"B",M16>=50,"C",M16>=45,"D",M16>=40,"E",M16<40,"F")} -> D | N17: {=_xlfn.IFS(N16>= 70,"A",N16>=60,"B",N16>=50,"C",N16>=45,"D",N16>=40,"E",N16<40,"F")} -> C | O17: {=_xlfn.IFS(O16>= 70,"A",O16>=60,"B",O16>=50,"C",O16>=45,"D",O16>=40,"E",O16<40,"F")} -> C | P17: {=_xlfn.IFS(P16>= 70,"A",P16>=60,"B",P16>=50,"C",P16>=45,"D",P16>=40,"E",P16<40,"F")} -> C | ... AF17: {=_xlfn.IFS(AF16>= 70,"A",AF16>=60,"B",AF16>=50,"C",AF16>=45,"D",AF16>=40,"E",AF16<40,"F")} -> B | AH17: {=_xlfn.IFS(AG17>= 70,"A",AG17>=60,"B",AG17>=50,"C",AG17>=45,"D",AG17>=40,"E",AG17<40,"F")} -> F | AJ17: {=_xlfn.IFS(AI17>= 70,"A",AI17>=60,"B",AI17>=50,"C",AI17>=45,"D",AI17>=40,"E",AI17<40,"F")} -> F | AL17: {=_xlfn.IFS(AK17>= 70,"A",AK17>=60,"B",AK17>=50,"C",AK17>=45,"D",AK17>=40,"E",AK17<40,"F")} -> F | AM17: =SUMIFS($I$4:$W$4,I16:W16,">0") -> 23 | AN17: =(SUMIFS($I$4:$W$4,I16:W16,">0")-SUMIFS($I$4:$W$4,I17:W17,"F")) -> 23 | AO17: =SUMIFS($I$4:$W$4,I17:W17,"F") -> 0
A18: 7 | I18: 45 | J18: 46 | K18: 47 | L18: 48 | M18: 49 | N18: 50 | O18: 51 | P18: 52 | Q18: 53 | R18: 54 | S18: 55 | T18: 56 | U18: 57 | V18: 58 | W18: 59 | X18: 60 | Y18: 61 | Z18: 62 | AA18: 63 | AB18: 64 | AC18: 65 | AD18: 66 | AE18: 67 | AF18: 68 | AH18: {=_xlfn.IFS(AG18>= 70,"A",AG18>=60,"B",AG18>=50,"C",AG18>=45,"D",AG18>=40,"E",AG18<40,"F")} -> F | AJ18: {=_xlfn.IFS(AI18>= 70,"A",AI18>=60,"B",AI18>=50,"C",AI18>=45,"D",AI18>=40,"E",AI18<40,"F")} -> F | AL18: {=_xlfn.IFS(AK18>= 70,"A",AK18>=60,"B",AK18>=50,"C",AK18>=45,"D",AK18>=40,"E",AK18<40,"F")} -> F | AP18: {=SUM(VLOOKUP(I19:W19,GRADEPOINT!$A$2:$B$7,2,0)*$I$4:$W$4)} -> 61 | AQ18: =ROUND(AP18/AM19,2) -> 2.65
I19: {=_xlfn.IFS(I18>= 70,"A",I18>=60,"B",I18>=50,"C",I18>=45,"D",I18>=40,"E",I18<40,"F")} -> D | J19: {=_xlfn.IFS(J18>= 70,"A",J18>=60,"B",J18>=50,"C",J18>=45,"D",J18>=40,"E",J18<40,"F")} -> D | K19: {=_xlfn.IFS(K18>= 70,"A",K18>=60,"B",K18>=50,"C",K18>=45,"D",K18>=40,"E",K18<40,"F")} -> D | L19: {=_xlfn.IFS(L18>= 70,"A",L18>=60,"B",L18>=50,"C",L18>=45,"D",L18>=40,"E",L18<40,"F")} -> D | M19: {=_xlfn.IFS(M18>= 70,"A",M18>=60,"B",M18>=50,"C",M18>=45,"D",M18>=40,"E",M18<40,"F")} -> D | N19: {=_xlfn.IFS(N18>= 70,"A",N18>=60,"B",N18>=50,"C",N18>=45,"D",N18>=40,"E",N18<40,"F")} -> C | O19: {=_xlfn.IFS(O18>= 70,"A",O18>=60,"B",O18>=50,"C",O18>=45,"D",O18>=40,"E",O18<40,"F")} -> C | P19: {=_xlfn.IFS(P18>= 70,"A",P18>=60,"B",P18>=50,"C",P18>=45,"D",P18>=40,"E",P18<40,"F")} -> C | ... AF19: {=_xlfn.IFS(AF18>= 70,"A",AF18>=60,"B",AF18>=50,"C",AF18>=45,"D",AF18>=40,"E",AF18<40,"F")} -> B | AH19: {=_xlfn.IFS(AG19>= 70,"A",AG19>=60,"B",AG19>=50,"C",AG19>=45,"D",AG19>=40,"E",AG19<40,"F")} -> F | AJ19: {=_xlfn.IFS(AI19>= 70,"A",AI19>=60,"B",AI19>=50,"C",AI19>=45,"D",AI19>=40,"E",AI19<40,"F")} -> F | AL19: {=_xlfn.IFS(AK19>= 70,"A",AK19>=60,"B",AK19>=50,"C",AK19>=45,"D",AK19>=40,"E",AK19<40,"F")} -> F | AM19: =SUMIFS($I$4:$W$4,I18:W18,">0") -> 23 | AN19: =(SUMIFS($I$4:$W$4,I18:W18,">0")-SUMIFS($I$4:$W$4,I19:W19,"F")) -> 23 | AO19: =SUMIFS($I$4:$W$4,I19:W19,"F") -> 0
A20: 8 | I20: 45 | J20: 46 | K20: 47 | L20: 48 | M20: 49 | N20: 50 | O20: 51 | P20: 52 | Q20: 53 | R20: 54 | S20: 55 | T20: 56 | U20: 57 | V20: 58 | W20: 59 | X20: 60 | Y20: 61 | Z20: 62 | AA20: 63 | AB20: 64 | AC20: 65 | AD20: 66 | AE20: 67 | AF20: 68 | AH20: {=_xlfn.IFS(AG20>= 70,"A",AG20>=60,"B",AG20>=50,"C",AG20>=45,"D",AG20>=40,"E",AG20<40,"F")} -> F | AJ20: {=_xlfn.IFS(AI20>= 70,"A",AI20>=60,"B",AI20>=50,"C",AI20>=45,"D",AI20>=40,"E",AI20<40,"F")} -> F | AL20: {=_xlfn.IFS(AK20>= 70,"A",AK20>=60,"B",AK20>=50,"C",AK20>=45,"D",AK20>=40,"E",AK20<40,"F")} -> F | AP20: {=SUM(VLOOKUP(I21:W21,GRADEPOINT!$A$2:$B$7,2,0)*$I$4:$W$4)} -> 61 | AQ20: =ROUND(AP20/AM21,2) -> 2.65
I21: {=_xlfn.IFS(I20>= 70,"A",I20>=60,"B",I20>=50,"C",I20>=45,"D",I20>=40,"E",I20<40,"F")} -> D | J21: {=_xlfn.IFS(J20>= 70,"A",J20>=60,"B",J20>=50,"C",J20>=45,"D",J20>=40,"E",J20<40,"F")} -> D | K21: {=_xlfn.IFS(K20>= 70,"A",K20>=60,"B",K20>=50,"C",K20>=45,"D",K20>=40,"E",K20<40,"F")} -> D | L21: {=_xlfn.IFS(L20>= 70,"A",L20>=60,"B",L20>=50,"C",L20>=45,"D",L20>=40,"E",L20<40,"F")} -> D | M21: {=_xlfn.IFS(M20>= 70,"A",M20>=60,"B",M20>=50,"C",M20>=45,"D",M20>=40,"E",M20<40,"F")} -> D | N21: {=_xlfn.IFS(N20>= 70,"A",N20>=60,"B",N20>=50,"C",N20>=45,"D",N20>=40,"E",N20<40,"F")} -> C | O21: {=_xlfn.IFS(O20>= 70,"A",O20>=60,"B",O20>=50,"C",O20>=45,"D",O20>=40,"E",O20<40,"F")} -> C | P21: {=_xlfn.IFS(P20>= 70,"A",P20>=60,"B",P20>=50,"C",P20>=45,"D",P20>=40,"E",P20<40,"F")} -> C | ... AF21: {=_xlfn.IFS(AF20>= 70,"A",AF20>=60,"B",AF20>=50,"C",AF20>=45,"D",AF20>=40,"E",AF20<40,"F")} -> B | AH21: {=_xlfn.IFS(AG21>= 70,"A",AG21>=60,"B",AG21>=50,"C",AG21>=45,"D",AG21>=40,"E",AG21<40,"F")} -> F | AJ21: {=_xlfn.IFS(AI21>= 70,"A",AI21>=60,"B",AI21>=50,"C",AI21>=45,"D",AI21>=40,"E",AI21<40,"F")} -> F | AL21: {=_xlfn.IFS(AK21>= 70,"A",AK21>=60,"B",AK21>=50,"C",AK21>=45,"D",AK21>=40,"E",AK21<40,"F")} -> F | AM21: =SUMIFS($I$4:$W$4,I20:W20,">0") -> 23 | AN21: =(SUMIFS($I$4:$W$4,I20:W20,">0")-SUMIFS($I$4:$W$4,I21:W21,"F")) -> 23 | AO21: =SUMIFS($I$4:$W$4,I21:W21,"F") -> 0
A22: 9 | I22: 45 | J22: 46 | K22: 47 | L22: 48 | M22: 49 | N22: 50 | O22: 51 | P22: 52 | Q22: 53 | R22: 54 | S22: 55 | T22: 56 | U22: 57 | V22: 58 | W22: 59 | X22: 60 | Y22: 61 | Z22: 62 | AA22: 63 | AB22: 64 | AC22: 65 | AD22: 66 | AE22: 67 | AF22: 68 | AH22: {=_xlfn.IFS(AG22>= 70,"A",AG22>=60,"B",AG22>=50,"C",AG22>=45,"D",AG22>=40,"E",AG22<40,"F")} -> F | AJ22: {=_xlfn.IFS(AI22>= 70,"A",AI22>=60,"B",AI22>=50,"C",AI22>=45,"D",AI22>=40,"E",AI22<40,"F")} -> F | AL22: {=_xlfn.IFS(AK22>= 70,"A",AK22>=60,"B",AK22>=50,"C",AK22>=45,"D",AK22>=40,"E",AK22<40,"F")} -> F | AP22: {=SUM(VLOOKUP(I23:W23,GRADEPOINT!$A$2:$B$7,2,0)*$I$4:$W$4)} -> 61 | AQ22: =ROUND(AP22/AM23,2) -> 2.65
I23: {=_xlfn.IFS(I22>= 70,"A",I22>=60,"B",I22>=50,"C",I22>=45,"D",I22>=40,"E",I22<40,"F")} -> D | J23: {=_xlfn.IFS(J22>= 70,"A",J22>=60,"B",J22>=50,"C",J22>=45,"D",J22>=40,"E",J22<40,"F")} -> D | K23: {=_xlfn.IFS(K22>= 70,"A",K22>=60,"B",K22>=50,"C",K22>=45,"D",K22>=40,"E",K22<40,"F")} -> D | L23: {=_xlfn.IFS(L22>= 70,"A",L22>=60,"B",L22>=50,"C",L22>=45,"D",L22>=40,"E",L22<40,"F")} -> D | M23: {=_xlfn.IFS(M22>= 70,"A",M22>=60,"B",M22>=50,"C",M22>=45,"D",M22>=40,"E",M22<40,"F")} -> D | N23: {=_xlfn.IFS(N22>= 70,"A",N22>=60,"B",N22>=50,"C",N22>=45,"D",N22>=40,"E",N22<40,"F")} -> C | O23: {=_xlfn.IFS(O22>= 70,"A",O22>=60,"B",O22>=50,"C",O22>=45,"D",O22>=40,"E",O22<40,"F")} -> C | P23: {=_xlfn.IFS(P22>= 70,"A",P22>=60,"B",P22>=50,"C",P22>=45,"D",P22>=40,"E",P22<40,"F")} -> C | ... AF23: {=_xlfn.IFS(AF22>= 70,"A",AF22>=60,"B",AF22>=50,"C",AF22>=45,"D",AF22>=40,"E",AF22<40,"F")} -> B | AH23: {=_xlfn.IFS(AG23>= 70,"A",AG23>=60,"B",AG23>=50,"C",AG23>=45,"D",AG23>=40,"E",AG23<40,"F")} -> F | AJ23: {=_xlfn.IFS(AI23>= 70,"A",AI23>=60,"B",AI23>=50,"C",AI23>=45,"D",AI23>=40,"E",AI23<40,"F")} -> F | AL23: {=_xlfn.IFS(AK23>= 70,"A",AK23>=60,"B",AK23>=50,"C",AK23>=45,"D",AK23>=40,"E",AK23<40,"F")} -> F | AM23: =SUMIFS($I$4:$W$4,I22:W22,">0") -> 23 | AN23: =(SUMIFS($I$4:$W$4,I22:W22,">0")-SUMIFS($I$4:$W$4,I23:W23,"F")) -> 23 | AO23: =SUMIFS($I$4:$W$4,I23:W23,"F") -> 0
A24: 10 | I24: 45 | J24: 46 | K24: 47 | L24: 48 | M24: 49 | N24: 50 | O24: 51 | P24: 52 | Q24: 53 | R24: 54 | S24: 55 | T24: 56 | U24: 57 | V24: 58 | W24: 59 | X24: 60 | Y24: 61 | Z24: 62 | AA24: 63 | AB24: 64 | AC24: 65 | AD24: 66 | AE24: 67 | AF24: 68 | AH24: {=_xlfn.IFS(AG24>= 70,"A",AG24>=60,"B",AG24>=50,"C",AG24>=45,"D",AG24>=40,"E",AG24<40,"F")} -> F | AJ24: {=_xlfn.IFS(AI24>= 70,"A",AI24>=60,"B",AI24>=50,"C",AI24>=45,"D",AI24>=40,"E",AI24<40,"F")} -> F | AL24: {=_xlfn.IFS(AK24>= 70,"A",AK24>=60,"B",AK24>=50,"C",AK24>=45,"D",AK24>=40,"E",AK24<40,"F")} -> F | AP24: {=SUM(VLOOKUP(I25:W25,GRADEPOINT!$A$2:$B$7,2,0)*$I$4:$W$4)} -> 61 | AQ24: =ROUND(AP24/AM25,2) -> 2.65
I25: {=_xlfn.IFS(I24>= 70,"A",I24>=60,"B",I24>=50,"C",I24>=45,"D",I24>=40,"E",I24<40,"F")} -> D | J25: {=_xlfn.IFS(J24>= 70,"A",J24>=60,"B",J24>=50,"C",J24>=45,"D",J24>=40,"E",J24<40,"F")} -> D | K25: {=_xlfn.IFS(K24>= 70,"A",K24>=60,"B",K24>=50,"C",K24>=45,"D",K24>=40,"E",K24<40,"F")} -> D | L25: {=_xlfn.IFS(L24>= 70,"A",L24>=60,"B",L24>=50,"C",L24>=45,"D",L24>=40,"E",L24<40,"F")} -> D | M25: {=_xlfn.IFS(M24>= 70,"A",M24>=60,"B",M24>=50,"C",M24>=45,"D",M24>=40,"E",M24<40,"F")} -> D | N25: {=_xlfn.IFS(N24>= 70,"A",N24>=60,"B",N24>=50,"C",N24>=45,"D",N24>=40,"E",N24<40,"F")} -> C | O25: {=_xlfn.IFS(O24>= 70,"A",O24>=60,"B",O24>=50,"C",O24>=45,"D",O24>=40,"E",O24<40,"F")} -> C | P25: {=_xlfn.IFS(P24>= 70,"A",P24>=60,"B",P24>=50,"C",P24>=45,"D",P24>=40,"E",P24<40,"F")} -> C | ... AF25: {=_xlfn.IFS(AF24>= 70,"A",AF24>=60,"B",AF24>=50,"C",AF24>=45,"D",AF24>=40,"E",AF24<40,"F")} -> B | AH25: {=_xlfn.IFS(AG25>= 70,"A",AG25>=60,"B",AG25>=50,"C",AG25>=45,"D",AG25>=40,"E",AG25<40,"F")} -> F | AJ25: {=_xlfn.IFS(AI25>= 70,"A",AI25>=60,"B",AI25>=50,"C",AI25>=45,"D",AI25>=40,"E",AI25<40,"F")} -> F | AL25: {=_xlfn.IFS(AK25>= 70,"A",AK25>=60,"B",AK25>=50,"C",AK25>=45,"D",AK25>=40,"E",AK25<40,"F")} -> F | AM25: =SUMIFS($I$4:$W$4,I24:W24,">0") -> 23 | AN25: =(SUMIFS($I$4:$W$4,I24:W24,">0")-SUMIFS($I$4:$W$4,I25:W25,"F")) -> 23 | AO25: =SUMIFS($I$4:$W$4,I25:W25,"F") -> 0
A26: 11 | I26: 45 | J26: 46 | K26: 47 | L26: 48 | M26: 49 | N26: 50 | O26: 51 | P26: 52 | Q26: 53 | R26: 54 | S26: 55 | T26: 56 | U26: 57 | V26: 58 | W26: 59 | X26: 60 | Y26: 61 | Z26: 62 | AA26: 63 | AB26: 64 | AC26: 65 | AD26: 66 | AE26: 67 | AF26: 68 | AH26: {=_xlfn.IFS(AG26>= 70,"A",AG26>=60,"B",AG26>=50,"C",AG26>=45,"D",AG26>=40,"E",AG26<40,"F")} -> F | AJ26: {=_xlfn.IFS(AI26>= 70,"A",AI26>=60,"B",AI26>=50,"C",AI26>=45,"D",AI26>=40,"E",AI26<40,"F")} -> F | AL26: {=_xlfn.IFS(AK26>= 70,"A",AK26>=60,"B",AK26>=50,"C",AK26>=45,"D",AK26>=40,"E",AK26<40,"F")} -> F | AP26: {=SUM(VLOOKUP(I27:W27,GRADEPOINT!$A$2:$B$7,2,0)*$I$4:$W$4)} -> 61 | AQ26: =ROUND(AP26/AM27,2) -> 2.65
I27: {=_xlfn.IFS(I26>= 70,"A",I26>=60,"B",I26>=50,"C",I26>=45,"D",I26>=40,"E",I26<40,"F")} -> D | J27: {=_xlfn.IFS(J26>= 70,"A",J26>=60,"B",J26>=50,"C",J26>=45,"D",J26>=40,"E",J26<40,"F")} -> D | K27: {=_xlfn.IFS(K26>= 70,"A",K26>=60,"B",K26>=50,"C",K26>=45,"D",K26>=40,"E",K26<40,"F")} -> D | L27: {=_xlfn.IFS(L26>= 70,"A",L26>=60,"B",L26>=50,"C",L26>=45,"D",L26>=40,"E",L26<40,"F")} -> D | M27: {=_xlfn.IFS(M26>= 70,"A",M26>=60,"B",M26>=50,"C",M26>=45,"D",M26>=40,"E",M26<40,"F")} -> D | N27: {=_xlfn.IFS(N26>= 70,"A",N26>=60,"B",N26>=50,"C",N26>=45,"D",N26>=40,"E",N26<40,"F")} -> C | O27: {=_xlfn.IFS(O26>= 70,"A",O26>=60,"B",O26>=50,"C",O26>=45,"D",O26>=40,"E",O26<40,"F")} -> C | P27: {=_xlfn.IFS(P26>= 70,"A",P26>=60,"B",P26>=50,"C",P26>=45,"D",P26>=40,"E",P26<40,"F")} -> C | ... AF27: {=_xlfn.IFS(AF26>= 70,"A",AF26>=60,"B",AF26>=50,"C",AF26>=45,"D",AF26>=40,"E",AF26<40,"F")} -> B | AH27: {=_xlfn.IFS(AG27>= 70,"A",AG27>=60,"B",AG27>=50,"C",AG27>=45,"D",AG27>=40,"E",AG27<40,"F")} -> F | AJ27: {=_xlfn.IFS(AI27>= 70,"A",AI27>=60,"B",AI27>=50,"C",AI27>=45,"D",AI27>=40,"E",AI27<40,"F")} -> F | AL27: {=_xlfn.IFS(AK27>= 70,"A",AK27>=60,"B",AK27>=50,"C",AK27>=45,"D",AK27>=40,"E",AK27<40,"F")} -> F | AM27: =SUMIFS($I$4:$W$4,I26:W26,">0") -> 23 | AN27: =(SUMIFS($I$4:$W$4,I26:W26,">0")-SUMIFS($I$4:$W$4,I27:W27,"F")) -> 23 | AO27: =SUMIFS($I$4:$W$4,I27:W27,"F") -> 0
A28: 12 | I28: 45 | J28: 46 | K28: 47 | L28: 48 | M28: 49 | N28: 50 | O28: 51 | P28: 52 | Q28: 53 | R28: 54 | S28: 55 | T28: 56 | U28: 57 | V28: 58 | W28: 59 | X28: 60 | Y28: 61 | Z28: 62 | AA28: 63 | AB28: 64 | AC28: 65 | AD28: 66 | AE28: 67 | AF28: 68 | AH28: {=_xlfn.IFS(AG28>= 70,"A",AG28>=60,"B",AG28>=50,"C",AG28>=45,"D",AG28>=40,"E",AG28<40,"F")} -> F | AJ28: {=_xlfn.IFS(AI28>= 70,"A",AI28>=60,"B",AI28>=50,"C",AI28>=45,"D",AI28>=40,"E",AI28<40,"F")} -> F | AL28: {=_xlfn.IFS(AK28>= 70,"A",AK28>=60,"B",AK28>=50,"C",AK28>=45,"D",AK28>=40,"E",AK28<40,"F")} -> F | AP28: {=SUM(VLOOKUP(I29:W29,GRADEPOINT!$A$2:$B$7,2,0)*$I$4:$W$4)} -> 61 | AQ28: =ROUND(AP28/AM29,2) -> 2.65
I29: {=_xlfn.IFS(I28>= 70,"A",I28>=60,"B",I28>=50,"C",I28>=45,"D",I28>=40,"E",I28<40,"F")} -> D | J29: {=_xlfn.IFS(J28>= 70,"A",J28>=60,"B",J28>=50,"C",J28>=45,"D",J28>=40,"E",J28<40,"F")} -> D | K29: {=_xlfn.IFS(K28>= 70,"A",K28>=60,"B",K28>=50,"C",K28>=45,"D",K28>=40,"E",K28<40,"F")} -> D | L29: {=_xlfn.IFS(L28>= 70,"A",L28>=60,"B",L28>=50,"C",L28>=45,"D",L28>=40,"E",L28<40,"F")} -> D | M29: {=_xlfn.IFS(M28>= 70,"A",M28>=60,"B",M28>=50,"C",M28>=45,"D",M28>=40,"E",M28<40,"F")} -> D | N29: {=_xlfn.IFS(N28>= 70,"A",N28>=60,"B",N28>=50,"C",N28>=45,"D",N28>=40,"E",N28<40,"F")} -> C | O29: {=_xlfn.IFS(O28>= 70,"A",O28>=60,"B",O28>=50,"C",O28>=45,"D",O28>=40,"E",O28<40,"F")} -> C | P29: {=_xlfn.IFS(P28>= 70,"A",P28>=60,"B",P28>=50,"C",P28>=45,"D",P28>=40,"E",P28<40,"F")} -> C | ... AF29: {=_xlfn.IFS(AF28>= 70,"A",AF28>=60,"B",AF28>=50,"C",AF28>=45,"D",AF28>=40,"E",AF28<40,"F")} -> B | AH29: {=_xlfn.IFS(AG29>= 70,"A",AG29>=60,"B",AG29>=50,"C",AG29>=45,"D",AG29>=40,"E",AG29<40,"F")} -> F | AJ29: {=_xlfn.IFS(AI29>= 70,"A",AI29>=60,"B",AI29>=50,"C",AI29>=45,"D",AI29>=40,"E",AI29<40,"F")} -> F | AL29: {=_xlfn.IFS(AK29>= 70,"A",AK29>=60,"B",AK29>=50,"C",AK29>=45,"D",AK29>=40,"E",AK29<40,"F")} -> F | AM29: =SUMIFS($I$4:$W$4,I28:W28,">0") -> 23 | AN29: =(SUMIFS($I$4:$W$4,I28:W28,">0")-SUMIFS($I$4:$W$4,I29:W29,"F")) -> 23 | AO29: =SUMIFS($I$4:$W$4,I29:W29,"F") -> 0
A30: 13 | I30: 45 | J30: 46 | K30: 47 | L30: 48 | M30: 49 | N30: 50 | O30: 51 | P30: 52 | Q30: 53 | R30: 54 | S30: 55 | T30: 56 | U30: 57 | V30: 58 | W30: 59 | X30: 60 | Y30: 61 | Z30: 62 | AA30: 63 | AB30: 64 | AC30: 65 | AD30: 66 | AE30: 67 | AF30: 68 | AH30: {=_xlfn.IFS(AG30>= 70,"A",AG30>=60,"B",AG30>=50,"C",AG30>=45,"D",AG30>=40,"E",AG30<40,"F")} -> F | AJ30: {=_xlfn.IFS(AI30>= 70,"A",AI30>=60,"B",AI30>=50,"C",AI30>=45,"D",AI30>=40,"E",AI30<40,"F")} -> F | AL30: {=_xlfn.IFS(AK30>= 70,"A",AK30>=60,"B",AK30>=50,"C",AK30>=45,"D",AK30>=40,"E",AK30<40,"F")} -> F | AP30: {=SUM(VLOOKUP(I31:W31,GRADEPOINT!$A$2:$B$7,2,0)*$I$4:$W$4)} -> 61 | AQ30: =ROUND(AP30/AM31,2) -> 2.65
I31: {=_xlfn.IFS(I30>= 70,"A",I30>=60,"B",I30>=50,"C",I30>=45,"D",I30>=40,"E",I30<40,"F")} -> D | J31: {=_xlfn.IFS(J30>= 70,"A",J30>=60,"B",J30>=50,"C",J30>=45,"D",J30>=40,"E",J30<40,"F")} -> D | K31: {=_xlfn.IFS(K30>= 70,"A",K30>=60,"B",K30>=50,"C",K30>=45,"D",K30>=40,"E",K30<40,"F")} -> D | L31: {=_xlfn.IFS(L30>= 70,"A",L30>=60,"B",L30>=50,"C",L30>=45,"D",L30>=40,"E",L30<40,"F")} -> D | M31: {=_xlfn.IFS(M30>= 70,"A",M30>=60,"B",M30>=50,"C",M30>=45,"D",M30>=40,"E",M30<40,"F")} -> D | N31: {=_xlfn.IFS(N30>= 70,"A",N30>=60,"B",N30>=50,"C",N30>=45,"D",N30>=40,"E",N30<40,"F")} -> C | O31: {=_xlfn.IFS(O30>= 70,"A",O30>=60,"B",O30>=50,"C",O30>=45,"D",O30>=40,"E",O30<40,"F")} -> C | P31: {=_xlfn.IFS(P30>= 70,"A",P30>=60,"B",P30>=50,"C",P30>=45,"D",P30>=40,"E",P30<40,"F")} -> C | ... AF31: {=_xlfn.IFS(AF30>= 70,"A",AF30>=60,"B",AF30>=50,"C",AF30>=45,"D",AF30>=40,"E",AF30<40,"F")} -> B | AH31: {=_xlfn.IFS(AG31>= 70,"A",AG31>=60,"B",AG31>=50,"C",AG31>=45,"D",AG31>=40,"E",AG31<40,"F")} -> F | AJ31: {=_xlfn.IFS(AI31>= 70,"A",AI31>=60,"B",AI31>=50,"C",AI31>=45,"D",AI31>=40,"E",AI31<40,"F")} -> F | AL31: {=_xlfn.IFS(AK31>= 70,"A",AK31>=60,"B",AK31>=50,"C",AK31>=45,"D",AK31>=40,"E",AK31<40,"F")} -> F | AM31: =SUMIFS($I$4:$W$4,I30:W30,">0") -> 23 | AN31: =(SUMIFS($I$4:$W$4,I30:W30,">0")-SUMIFS($I$4:$W$4,I31:W31,"F")) -> 23 | AO31: =SUMIFS($I$4:$W$4,I31:W31,"F") -> 0
A32: 14 | I32: 45 | J32: 46 | K32: 47 | L32: 48 | M32: 49 | N32: 50 | O32: 51 | P32: 52 | Q32: 53 | R32: 54 | S32: 55 | T32: 56 | U32: 57 | V32: 70 | W32: 59 | X32: 60 | Y32: 61 | Z32: 62 | AA32: 63 | AB32: 64 | AC32: 65 | AD32: 66 | AE32: 67 | AF32: 68 | AH32: {=_xlfn.IFS(AG32>= 70,"A",AG32>=60,"B",AG32>=50,"C",AG32>=45,"D",AG32>=40,"E",AG32<40,"F")} -> F | AJ32: {=_xlfn.IFS(AI32>= 70,"A",AI32>=60,"B",AI32>=50,"C",AI32>=45,"D",AI32>=40,"E",AI32<40,"F")} -> F | AL32: {=_xlfn.IFS(AK32>= 70,"A",AK32>=60,"B",AK32>=50,"C",AK32>=45,"D",AK32>=40,"E",AK32<40,"F")} -> F | AP32: {=SUM(VLOOKUP(I33:W33,GRADEPOINT!$A$2:$B$7,2,0)*$I$4:$W$4)} -> 63 | AQ32: =ROUND(AP32/AM33,2) -> 2.74
I33: {=_xlfn.IFS(I32>= 70,"A",I32>=60,"B",I32>=50,"C",I32>=45,"D",I32>=40,"E",I32<40,"F")} -> D | J33: {=_xlfn.IFS(J32>= 70,"A",J32>=60,"B",J32>=50,"C",J32>=45,"D",J32>=40,"E",J32<40,"F")} -> D | K33: {=_xlfn.IFS(K32>= 70,"A",K32>=60,"B",K32>=50,"C",K32>=45,"D",K32>=40,"E",K32<40,"F")} -> D | L33: {=_xlfn.IFS(L32>= 70,"A",L32>=60,"B",L32>=50,"C",L32>=45,"D",L32>=40,"E",L32<40,"F")} -> D | M33: {=_xlfn.IFS(M32>= 70,"A",M32>=60,"B",M32>=50,"C",M32>=45,"D",M32>=40,"E",M32<40,"F")} -> D | N33: {=_xlfn.IFS(N32>= 70,"A",N32>=60,"B",N32>=50,"C",N32>=45,"D",N32>=40,"E",N32<40,"F")} -> C | O33: {=_xlfn.IFS(O32>= 70,"A",O32>=60,"B",O32>=50,"C",O32>=45,"D",O32>=40,"E",O32<40,"F")} -> C | P33: {=_xlfn.IFS(P32>= 70,"A",P32>=60,"B",P32>=50,"C",P32>=45,"D",P32>=40,"E",P32<40,"F")} -> C | ... AF33: {=_xlfn.IFS(AF32>= 70,"A",AF32>=60,"B",AF32>=50,"C",AF32>=45,"D",AF32>=40,"E",AF32<40,"F")} -> B | AH33: {=_xlfn.IFS(AG33>= 70,"A",AG33>=60,"B",AG33>=50,"C",AG33>=45,"D",AG33>=40,"E",AG33<40,"F")} -> F | AJ33: {=_xlfn.IFS(AI33>= 70,"A",AI33>=60,"B",AI33>=50,"C",AI33>=45,"D",AI33>=40,"E",AI33<40,"F")} -> F | AL33: {=_xlfn.IFS(AK33>= 70,"A",AK33>=60,"B",AK33>=50,"C",AK33>=45,"D",AK33>=40,"E",AK33<40,"F")} -> F | AM33: =SUMIFS($I$4:$W$4,I32:W32,">0") -> 23 | AN33: =(SUMIFS($I$4:$W$4,I32:W32,">0")-SUMIFS($I$4:$W$4,I33:W33,"F")) -> 23 | AO33: =SUMIFS($I$4:$W$4,I33:W33,"F") -> 0
A34: 15 | I34: 45 | J34: 46 | K34: 47 | L34: 48 | M34: 49 | N34: 50 | O34: 51 | P34: 52 | Q34: 53 | R34: 54 | S34: 55 | T34: 56 | U34: 57 | V34: 58 | W34: 59 | X34: 60 | Y34: 61 | Z34: 62 | AA34: 63 | AB34: 64 | AC34: 65 | AD34: 66 | AE34: 67 | AF34: 68 | AH34: {=_xlfn.IFS(AG34>= 70,"A",AG34>=60,"B",AG34>=50,"C",AG34>=45,"D",AG34>=40,"E",AG34<40,"F")} -> F | AJ34: {=_xlfn.IFS(AI34>= 70,"A",AI34>=60,"B",AI34>=50,"C",AI34>=45,"D",AI34>=40,"E",AI34<40,"F")} -> F | AL34: {=_xlfn.IFS(AK34>= 70,"A",AK34>=60,"B",AK34>=50,"C",AK34>=45,"D",AK34>=40,"E",AK34<40,"F")} -> F | AP34: {=SUM(VLOOKUP(I35:W35,GRADEPOINT!$A$2:$B$7,2,0)*$I$4:$W$4)} -> 61 | AQ34: =ROUND(AP34/AM35,2) -> 2.65
I35: {=_xlfn.IFS(I34>= 70,"A",I34>=60,"B",I34>=50,"C",I34>=45,"D",I34>=40,"E",I34<40,"F")} -> D | J35: {=_xlfn.IFS(J34>= 70,"A",J34>=60,"B",J34>=50,"C",J34>=45,"D",J34>=40,"E",J34<40,"F")} -> D | K35: {=_xlfn.IFS(K34>= 70,"A",K34>=60,"B",K34>=50,"C",K34>=45,"D",K34>=40,"E",K34<40,"F")} -> D | L35: {=_xlfn.IFS(L34>= 70,"A",L34>=60,"B",L34>=50,"C",L34>=45,"D",L34>=40,"E",L34<40,"F")} -> D | M35: {=_xlfn.IFS(M34>= 70,"A",M34>=60,"B",M34>=50,"C",M34>=45,"D",M34>=40,"E",M34<40,"F")} -> D | N35: {=_xlfn.IFS(N34>= 70,"A",N34>=60,"B",N34>=50,"C",N34>=45,"D",N34>=40,"E",N34<40,"F")} -> C | O35: {=_xlfn.IFS(O34>= 70,"A",O34>=60,"B",O34>=50,"C",O34>=45,"D",O34>=40,"E",O34<40,"F")} -> C | P35: {=_xlfn.IFS(P34>= 70,"A",P34>=60,"B",P34>=50,"C",P34>=45,"D",P34>=40,"E",P34<40,"F")} -> C | ... AF35: {=_xlfn.IFS(AF34>= 70,"A",AF34>=60,"B",AF34>=50,"C",AF34>=45,"D",AF34>=40,"E",AF34<40,"F")} -> B | AH35: {=_xlfn.IFS(AG35>= 70,"A",AG35>=60,"B",AG35>=50,"C",AG35>=45,"D",AG35>=40,"E",AG35<40,"F")} -> F | AJ35: {=_xlfn.IFS(AI35>= 70,"A",AI35>=60,"B",AI35>=50,"C",AI35>=45,"D",AI35>=40,"E",AI35<40,"F")} -> F | AL35: {=_xlfn.IFS(AK35>= 70,"A",AK35>=60,"B",AK35>=50,"C",AK35>=45,"D",AK35>=40,"E",AK35<40,"F")} -> F | AM35: =SUMIFS($I$4:$W$4,I34:W34,">0") -> 23 | AN35: =(SUMIFS($I$4:$W$4,I34:W34,">0")-SUMIFS($I$4:$W$4,I35:W35,"F")) -> 23 | AO35: =SUMIFS($I$4:$W$4,I35:W35,"F") -> 0
A36: 16 | I36: 45 | J36: 46 | K36: 47 | L36: 48 | M36: 49 | N36: 50 | O36: 51 | P36: 52 | Q36: 53 | R36: 54 | S36: 55 | T36: 56 | U36: 57 | V36: 58 | W36: 59 | X36: 60 | Y36: 61 | Z36: 62 | AA36: 63 | AB36: 64 | AC36: 65 | AD36: 66 | AE36: 67 | AF36: 68 | AH36: {=_xlfn.IFS(AG36>= 70,"A",AG36>=60,"B",AG36>=50,"C",AG36>=45,"D",AG36>=40,"E",AG36<40,"F")} -> F | AJ36: {=_xlfn.IFS(AI36>= 70,"A",AI36>=60,"B",AI36>=50,"C",AI36>=45,"D",AI36>=40,"E",AI36<40,"F")} -> F | AL36: {=_xlfn.IFS(AK36>= 70,"A",AK36>=60,"B",AK36>=50,"C",AK36>=45,"D",AK36>=40,"E",AK36<40,"F")} -> F | AP36: {=SUM(VLOOKUP(I37:W37,GRADEPOINT!$A$2:$B$7,2,0)*$I$4:$W$4)} -> 61 | AQ36: =ROUND(AP36/AM37,2) -> 2.65
I37: {=_xlfn.IFS(I36>= 70,"A",I36>=60,"B",I36>=50,"C",I36>=45,"D",I36>=40,"E",I36<40,"F")} -> D | J37: {=_xlfn.IFS(J36>= 70,"A",J36>=60,"B",J36>=50,"C",J36>=45,"D",J36>=40,"E",J36<40,"F")} -> D | K37: {=_xlfn.IFS(K36>= 70,"A",K36>=60,"B",K36>=50,"C",K36>=45,"D",K36>=40,"E",K36<40,"F")} -> D | L37: {=_xlfn.IFS(L36>= 70,"A",L36>=60,"B",L36>=50,"C",L36>=45,"D",L36>=40,"E",L36<40,"F")} -> D | M37: {=_xlfn.IFS(M36>= 70,"A",M36>=60,"B",M36>=50,"C",M36>=45,"D",M36>=40,"E",M36<40,"F")} -> D | N37: {=_xlfn.IFS(N36>= 70,"A",N36>=60,"B",N36>=50,"C",N36>=45,"D",N36>=40,"E",N36<40,"F")} -> C | O37: {=_xlfn.IFS(O36>= 70,"A",O36>=60,"B",O36>=50,"C",O36>=45,"D",O36>=40,"E",O36<40,"F")} -> C | P37: {=_xlfn.IFS(P36>= 70,"A",P36>=60,"B",P36>=50,"C",P36>=45,"D",P36>=40,"E",P36<40,"F")} -> C | ... AF37: {=_xlfn.IFS(AF36>= 70,"A",AF36>=60,"B",AF36>=50,"C",AF36>=45,"D",AF36>=40,"E",AF36<40,"F")} -> B | AH37: {=_xlfn.IFS(AG37>= 70,"A",AG37>=60,"B",AG37>=50,"C",AG37>=45,"D",AG37>=40,"E",AG37<40,"F")} -> F | AJ37: {=_xlfn.IFS(AI37>= 70,"A",AI37>=60,"B",AI37>=50,"C",AI37>=45,"D",AI37>=40,"E",AI37<40,"F")} -> F | AL37: {=_xlfn.IFS(AK37>= 70,"A",AK37>=60,"B",AK37>=50,"C",AK37>=45,"D",AK37>=40,"E",AK37<40,"F")} -> F | AM37: =SUMIFS($I$4:$W$4,I36:W36,">0") -> 23 | AN37: =(SUMIFS($I$4:$W$4,I36:W36,">0")-SUMIFS($I$4:$W$4,I37:W37,"F")) -> 23 | AO37: =SUMIFS($I$4:$W$4,I37:W37,"F") -> 0
A38: 17 | I38: 45 | J38: 46 | K38: 47 | L38: 48 | M38: 49 | N38: 50 | O38: 51 | P38: 52 | Q38: 53 | R38: 54 | S38: 55 | T38: 56 | U38: 57 | V38: 58 | W38: 59 | X38: 60 | Y38: 61 | Z38: 62 | AA38: 63 | AB38: 64 | AC38: 65 | AD38: 66 | AE38: 67 | AF38: 68 | AH38: {=_xlfn.IFS(AG38>= 70,"A",AG38>=60,"B",AG38>=50,"C",AG38>=45,"D",AG38>=40,"E",AG38<40,"F")} -> F | AJ38: {=_xlfn.IFS(AI38>= 70,"A",AI38>=60,"B",AI38>=50,"C",AI38>=45,"D",AI38>=40,"E",AI38<40,"F")} -> F | AL38: {=_xlfn.IFS(AK38>= 70,"A",AK38>=60,"B",AK38>=50,"C",AK38>=45,"D",AK38>=40,"E",AK38<40,"F")} -> F | AP38: {=SUM(VLOOKUP(I39:W39,GRADEPOINT!$A$2:$B$7,2,0)*$I$4:$W$4)} -> 61 | AQ38: =ROUND(AP38/AM39,2) -> 2.65
I39: {=_xlfn.IFS(I38>= 70,"A",I38>=60,"B",I38>=50,"C",I38>=45,"D",I38>=40,"E",I38<40,"F")} -> D | J39: {=_xlfn.IFS(J38>= 70,"A",J38>=60,"B",J38>=50,"C",J38>=45,"D",J38>=40,"E",J38<40,"F")} -> D | K39: {=_xlfn.IFS(K38>= 70,"A",K38>=60,"B",K38>=50,"C",K38>=45,"D",K38>=40,"E",K38<40,"F")} -> D | L39: {=_xlfn.IFS(L38>= 70,"A",L38>=60,"B",L38>=50,"C",L38>=45,"D",L38>=40,"E",L38<40,"F")} -> D | M39: {=_xlfn.IFS(M38>= 70,"A",M38>=60,"B",M38>=50,"C",M38>=45,"D",M38>=40,"E",M38<40,"F")} -> D | N39: {=_xlfn.IFS(N38>= 70,"A",N38>=60,"B",N38>=50,"C",N38>=45,"D",N38>=40,"E",N38<40,"F")} -> C | O39: {=_xlfn.IFS(O38>= 70,"A",O38>=60,"B",O38>=50,"C",O38>=45,"D",O38>=40,"E",O38<40,"F")} -> C | P39: {=_xlfn.IFS(P38>= 70,"A",P38>=60,"B",P38>=50,"C",P38>=45,"D",P38>=40,"E",P38<40,"F")} -> C | ... AF39: {=_xlfn.IFS(AF38>= 70,"A",AF38>=60,"B",AF38>=50,"C",AF38>=45,"D",AF38>=40,"E",AF38<40,"F")} -> B | AH39: {=_xlfn.IFS(AG39>= 70,"A",AG39>=60,"B",AG39>=50,"C",AG39>=45,"D",AG39>=40,"E",AG39<40,"F")} -> F | AJ39: {=_xlfn.IFS(AI39>= 70,"A",AI39>=60,"B",AI39>=50,"C",AI39>=45,"D",AI39>=40,"E",AI39<40,"F")} -> F | AL39: {=_xlfn.IFS(AK39>= 70,"A",AK39>=60,"B",AK39>=50,"C",AK39>=45,"D",AK39>=40,"E",AK39<40,"F")} -> F | AM39: =SUMIFS($I$4:$W$4,I38:W38,">0") -> 23 | AN39: =(SUMIFS($I$4:$W$4,I38:W38,">0")-SUMIFS($I$4:$W$4,I39:W39,"F")) -> 23 | AO39: =SUMIFS($I$4:$W$4,I39:W39,"F") -> 0
A40: 18 | I40: 45 | J40: 46 | K40: 47 | L40: 48 | M40: 49 | N40: 50 | O40: 51 | P40: 52 | Q40: 53 | R40: 54 | S40: 55 | T40: 56 | U40: 57 | V40: 58 | W40: 59 | X40: 60 | Y40: 61 | Z40: 62 | AA40: 63 | AB40: 64 | AC40: 65 | AD40: 66 | AE40: 67 | AF40: 68 | AH40: {=_xlfn.IFS(AG40>= 70,"A",AG40>=60,"B",AG40>=50,"C",AG40>=45,"D",AG40>=40,"E",AG40<40,"F")} -> F | AJ40: {=_xlfn.IFS(AI40>= 70,"A",AI40>=60,"B",AI40>=50,"C",AI40>=45,"D",AI40>=40,"E",AI40<40,"F")} -> F | AL40: {=_xlfn.IFS(AK40>= 70,"A",AK40>=60,"B",AK40>=50,"C",AK40>=45,"D",AK40>=40,"E",AK40<40,"F")} -> F | AP40: {=SUM(VLOOKUP(I41:W41,GRADEPOINT!$A$2:$B$7,2,0)*$I$4:$W$4)} -> 61 | AQ40: =ROUND(AP40/AM41,2) -> 2.65
I41: {=_xlfn.IFS(I40>= 70,"A",I40>=60,"B",I40>=50,"C",I40>=45,"D",I40>=40,"E",I40<40,"F")} -> D | J41: {=_xlfn.IFS(J40>= 70,"A",J40>=60,"B",J40>=50,"C",J40>=45,"D",J40>=40,"E",J40<40,"F")} -> D | K41: {=_xlfn.IFS(K40>= 70,"A",K40>=60,"B",K40>=50,"C",K40>=45,"D",K40>=40,"E",K40<40,"F")} -> D | L41: {=_xlfn.IFS(L40>= 70,"A",L40>=60,"B",L40>=50,"C",L40>=45,"D",L40>=40,"E",L40<40,"F")} -> D | M41: {=_xlfn.IFS(M40>= 70,"A",M40>=60,"B",M40>=50,"C",M40>=45,"D",M40>=40,"E",M40<40,"F")} -> D | N41: {=_xlfn.IFS(N40>= 70,"A",N40>=60,"B",N40>=50,"C",N40>=45,"D",N40>=40,"E",N40<40,"F")} -> C | O41: {=_xlfn.IFS(O40>= 70,"A",O40>=60,"B",O40>=50,"C",O40>=45,"D",O40>=40,"E",O40<40,"F")} -> C | P41: {=_xlfn.IFS(P40>= 70,"A",P40>=60,"B",P40>=50,"C",P40>=45,"D",P40>=40,"E",P40<40,"F")} -> C | ... AF41: {=_xlfn.IFS(AF40>= 70,"A",AF40>=60,"B",AF40>=50,"C",AF40>=45,"D",AF40>=40,"E",AF40<40,"F")} -> B | AH41: {=_xlfn.IFS(AG41>= 70,"A",AG41>=60,"B",AG41>=50,"C",AG41>=45,"D",AG41>=40,"E",AG41<40,"F")} -> F | AJ41: {=_xlfn.IFS(AI41>= 70,"A",AI41>=60,"B",AI41>=50,"C",AI41>=45,"D",AI41>=40,"E",AI41<40,"F")} -> F | AL41: {=_xlfn.IFS(AK41>= 70,"A",AK41>=60,"B",AK41>=50,"C",AK41>=45,"D",AK41>=40,"E",AK41<40,"F")} -> F | AM41: =SUMIFS($I$4:$W$4,I40:W40,">0") -> 23 | AN41: =(SUMIFS($I$4:$W$4,I40:W40,">0")-SUMIFS($I$4:$W$4,I41:W41,"F")) -> 23 | AO41: =SUMIFS($I$4:$W$4,I41:W41,"F") -> 0
A42: 19 | I42: 45 | J42: 46 | K42: 47 | L42: 48 | M42: 49 | N42: 50 | O42: 51 | P42: 52 | Q42: 53 | R42: 54 | S42: 55 | T42: 56 | U42: 57 | V42: 58 | W42: 59 | X42: 60 | Y42: 61 | Z42: 62 | AA42: 63 | AB42: 64 | AC42: 65 | AD42: 66 | AE42: 67 | AF42: 68 | AH42: {=_xlfn.IFS(AG42>= 70,"A",AG42>=60,"B",AG42>=50,"C",AG42>=45,"D",AG42>=40,"E",AG42<40,"F")} -> F | AJ42: {=_xlfn.IFS(AI42>= 70,"A",AI42>=60,"B",AI42>=50,"C",AI42>=45,"D",AI42>=40,"E",AI42<40,"F")} -> F | AL42: {=_xlfn.IFS(AK42>= 70,"A",AK42>=60,"B",AK42>=50,"C",AK42>=45,"D",AK42>=40,"E",AK42<40,"F")} -> F | AP42: {=SUM(VLOOKUP(I43:W43,GRADEPOINT!$A$2:$B$7,2,0)*$I$4:$W$4)} -> 61 | AQ42: =ROUND(AP42/AM43,2) -> 2.65
I43: {=_xlfn.IFS(I42>= 70,"A",I42>=60,"B",I42>=50,"C",I42>=45,"D",I42>=40,"E",I42<40,"F")} -> D | J43: {=_xlfn.IFS(J42>= 70,"A",J42>=60,"B",J42>=50,"C",J42>=45,"D",J42>=40,"E",J42<40,"F")} -> D | K43: {=_xlfn.IFS(K42>= 70,"A",K42>=60,"B",K42>=50,"C",K42>=45,"D",K42>=40,"E",K42<40,"F")} -> D | L43: {=_xlfn.IFS(L42>= 70,"A",L42>=60,"B",L42>=50,"C",L42>=45,"D",L42>=40,"E",L42<40,"F")} -> D | M43: {=_xlfn.IFS(M42>= 70,"A",M42>=60,"B",M42>=50,"C",M42>=45,"D",M42>=40,"E",M42<40,"F")} -> D | N43: {=_xlfn.IFS(N42>= 70,"A",N42>=60,"B",N42>=50,"C",N42>=45,"D",N42>=40,"E",N42<40,"F")} -> C | O43: {=_xlfn.IFS(O42>= 70,"A",O42>=60,"B",O42>=50,"C",O42>=45,"D",O42>=40,"E",O42<40,"F")} -> C | P43: {=_xlfn.IFS(P42>= 70,"A",P42>=60,"B",P42>=50,"C",P42>=45,"D",P42>=40,"E",P42<40,"F")} -> C | ... AF43: {=_xlfn.IFS(AF42>= 70,"A",AF42>=60,"B",AF42>=50,"C",AF42>=45,"D",AF42>=40,"E",AF42<40,"F")} -> B | AH43: {=_xlfn.IFS(AG43>= 70,"A",AG43>=60,"B",AG43>=50,"C",AG43>=45,"D",AG43>=40,"E",AG43<40,"F")} -> F | AJ43: {=_xlfn.IFS(AI43>= 70,"A",AI43>=60,"B",AI43>=50,"C",AI43>=45,"D",AI43>=40,"E",AI43<40,"F")} -> F | AL43: {=_xlfn.IFS(AK43>= 70,"A",AK43>=60,"B",AK43>=50,"C",AK43>=45,"D",AK43>=40,"E",AK43<40,"F")} -> F | AM43: =SUMIFS($I$4:$W$4,I42:W42,">0") -> 23 | AN43: =(SUMIFS($I$4:$W$4,I42:W42,">0")-SUMIFS($I$4:$W$4,I43:W43,"F")) -> 23 | AO43: =SUMIFS($I$4:$W$4,I43:W43,"F") -> 0
A44: 20 | I44: 45 | J44: 46 | K44: 47 | L44: 48 | M44: 49 | N44: 50 | O44: 51 | P44: 52 | Q44: 53 | R44: 54 | S44: 55 | T44: 56 | U44: 57 | V44: 58 | W44: 59 | X44: 60 | Y44: 61 | Z44: 62 | AA44: 63 | AB44: 64 | AC44: 65 | AD44: 66 | AE44: 67 | AF44: 68 | AH44: {=_xlfn.IFS(AG44>= 70,"A",AG44>=60,"B",AG44>=50,"C",AG44>=45,"D",AG44>=40,"E",AG44<40,"F")} -> F | AJ44: {=_xlfn.IFS(AI44>= 70,"A",AI44>=60,"B",AI44>=50,"C",AI44>=45,"D",AI44>=40,"E",AI44<40,"F")} -> F | AL44: {=_xlfn.IFS(AK44>= 70,"A",AK44>=60,"B",AK44>=50,"C",AK44>=45,"D",AK44>=40,"E",AK44<40,"F")} -> F | AP44: {=SUM(VLOOKUP(I45:W45,GRADEPOINT!$A$2:$B$7,2,0)*$I$4:$W$4)} -> 61 | AQ44: =ROUND(AP44/AM45,2) -> 2.65
I45: {=_xlfn.IFS(I44>= 70,"A",I44>=60,"B",I44>=50,"C",I44>=45,"D",I44>=40,"E",I44<40,"F")} -> D | J45: {=_xlfn.IFS(J44>= 70,"A",J44>=60,"B",J44>=50,"C",J44>=45,"D",J44>=40,"E",J44<40,"F")} -> D | K45: {=_xlfn.IFS(K44>= 70,"A",K44>=60,"B",K44>=50,"C",K44>=45,"D",K44>=40,"E",K44<40,"F")} -> D | L45: {=_xlfn.IFS(L44>= 70,"A",L44>=60,"B",L44>=50,"C",L44>=45,"D",L44>=40,"E",L44<40,"F")} -> D | M45: {=_xlfn.IFS(M44>= 70,"A",M44>=60,"B",M44>=50,"C",M44>=45,"D",M44>=40,"E",M44<40,"F")} -> D | N45: {=_xlfn.IFS(N44>= 70,"A",N44>=60,"B",N44>=50,"C",N44>=45,"D",N44>=40,"E",N44<40,"F")} -> C | O45: {=_xlfn.IFS(O44>= 70,"A",O44>=60,"B",O44>=50,"C",O44>=45,"D",O44>=40,"E",O44<40,"F")} -> C | P45: {=_xlfn.IFS(P44>= 70,"A",P44>=60,"B",P44>=50,"C",P44>=45,"D",P44>=40,"E",P44<40,"F")} -> C | ... AF45: {=_xlfn.IFS(AF44>= 70,"A",AF44>=60,"B",AF44>=50,"C",AF44>=45,"D",AF44>=40,"E",AF44<40,"F")} -> B | AH45: {=_xlfn.IFS(AG45>= 70,"A",AG45>=60,"B",AG45>=50,"C",AG45>=45,"D",AG45>=40,"E",AG45<40,"F")} -> F | AJ45: {=_xlfn.IFS(AI45>= 70,"A",AI45>=60,"B",AI45>=50,"C",AI45>=45,"D",AI45>=40,"E",AI45<40,"F")} -> F | AL45: {=_xlfn.IFS(AK45>= 70,"A",AK45>=60,"B",AK45>=50,"C",AK45>=45,"D",AK45>=40,"E",AK45<40,"F")} -> F | AM45: =SUMIFS($I$4:$W$4,I44:W44,">0") -> 23 | AN45: =(SUMIFS($I$4:$W$4,I44:W44,">0")-SUMIFS($I$4:$W$4,I45:W45,"F")) -> 23 | AO45: =SUMIFS($I$4:$W$4,I45:W45,"F") -> 0
A46: 21 | I46: 45 | J46: 46 | K46: 47 | L46: 48 | M46: 49 | N46: 50 | O46: 51 | P46: 52 | Q46: 53 | R46: 54 | S46: 55 | T46: 56 | U46: 57 | V46: 58 | W46: 59 | X46: 60 | Y46: 61 | Z46: 62 | AA46: 63 | AB46: 64 | AC46: 65 | AD46: 66 | AE46: 67 | AF46: 68 | AH46: {=_xlfn.IFS(AG46>= 70,"A",AG46>=60,"B",AG46>=50,"C",AG46>=45,"D",AG46>=40,"E",AG46<40,"F")} -> F | AJ46: {=_xlfn.IFS(AI46>= 70,"A",AI46>=60,"B",AI46>=50,"C",AI46>=45,"D",AI46>=40,"E",AI46<40,"F")} -> F | AL46: {=_xlfn.IFS(AK46>= 70,"A",AK46>=60,"B",AK46>=50,"C",AK46>=45,"D",AK46>=40,"E",AK46<40,"F")} -> F | AP46: {=SUM(VLOOKUP(I47:W47,GRADEPOINT!$A$2:$B$7,2,0)*$I$4:$W$4)} -> 61 | AQ46: =ROUND(AP46/AM47,2) -> 2.65
I47: {=_xlfn.IFS(I46>= 70,"A",I46>=60,"B",I46>=50,"C",I46>=45,"D",I46>=40,"E",I46<40,"F")} -> D | J47: {=_xlfn.IFS(J46>= 70,"A",J46>=60,"B",J46>=50,"C",J46>=45,"D",J46>=40,"E",J46<40,"F")} -> D | K47: {=_xlfn.IFS(K46>= 70,"A",K46>=60,"B",K46>=50,"C",K46>=45,"D",K46>=40,"E",K46<40,"F")} -> D | L47: {=_xlfn.IFS(L46>= 70,"A",L46>=60,"B",L46>=50,"C",L46>=45,"D",L46>=40,"E",L46<40,"F")} -> D | M47: {=_xlfn.IFS(M46>= 70,"A",M46>=60,"B",M46>=50,"C",M46>=45,"D",M46>=40,"E",M46<40,"F")} -> D | N47: {=_xlfn.IFS(N46>= 70,"A",N46>=60,"B",N46>=50,"C",N46>=45,"D",N46>=40,"E",N46<40,"F")} -> C | O47: {=_xlfn.IFS(O46>= 70,"A",O46>=60,"B",O46>=50,"C",O46>=45,"D",O46>=40,"E",O46<40,"F")} -> C | P47: {=_xlfn.IFS(P46>= 70,"A",P46>=60,"B",P46>=50,"C",P46>=45,"D",P46>=40,"E",P46<40,"F")} -> C | ... AF47: {=_xlfn.IFS(AF46>= 70,"A",AF46>=60,"B",AF46>=50,"C",AF46>=45,"D",AF46>=40,"E",AF46<40,"F")} -> B | AH47: {=_xlfn.IFS(AG47>= 70,"A",AG47>=60,"B",AG47>=50,"C",AG47>=45,"D",AG47>=40,"E",AG47<40,"F")} -> F | AJ47: {=_xlfn.IFS(AI47>= 70,"A",AI47>=60,"B",AI47>=50,"C",AI47>=45,"D",AI47>=40,"E",AI47<40,"F")} -> F | AL47: {=_xlfn.IFS(AK47>= 70,"A",AK47>=60,"B",AK47>=50,"C",AK47>=45,"D",AK47>=40,"E",AK47<40,"F")} -> F | AM47: =SUMIFS($I$4:$W$4,I46:W46,">0") -> 23 | AN47: =(SUMIFS($I$4:$W$4,I46:W46,">0")-SUMIFS($I$4:$W$4,I47:W47,"F")) -> 23 | AO47: =SUMIFS($I$4:$W$4,I47:W47,"F") -> 0
A48: 22 | I48: 45 | J48: 46 | K48: 47 | L48: 48 | M48: 49 | N48: 50 | O48: 51 | P48: 52 | Q48: 53 | R48: 54 | S48: 55 | T48: 56 | U48: 57 | V48: 58 | W48: 59 | X48: 60 | Y48: 61 | Z48: 62 | AA48: 63 | AB48: 64 | AC48: 65 | AD48: 66 | AE48: 67 | AF48: 68 | AH48: {=_xlfn.IFS(AG48>= 70,"A",AG48>=60,"B",AG48>=50,"C",AG48>=45,"D",AG48>=40,"E",AG48<40,"F")} -> F | AJ48: {=_xlfn.IFS(AI48>= 70,"A",AI48>=60,"B",AI48>=50,"C",AI48>=45,"D",AI48>=40,"E",AI48<40,"F")} -> F | AL48: {=_xlfn.IFS(AK48>= 70,"A",AK48>=60,"B",AK48>=50,"C",AK48>=45,"D",AK48>=40,"E",AK48<40,"F")} -> F | AP48: {=SUM(VLOOKUP(I49:W49,GRADEPOINT!$A$2:$B$7,2,0)*$I$4:$W$4)} -> 61 | AQ48: =ROUND(AP48/AM49,2) -> 2.65
I49: {=_xlfn.IFS(I48>= 70,"A",I48>=60,"B",I48>=50,"C",I48>=45,"D",I48>=40,"E",I48<40,"F")} -> D | J49: {=_xlfn.IFS(J48>= 70,"A",J48>=60,"B",J48>=50,"C",J48>=45,"D",J48>=40,"E",J48<40,"F")} -> D | K49: {=_xlfn.IFS(K48>= 70,"A",K48>=60,"B",K48>=50,"C",K48>=45,"D",K48>=40,"E",K48<40,"F")} -> D | L49: {=_xlfn.IFS(L48>= 70,"A",L48>=60,"B",L48>=50,"C",L48>=45,"D",L48>=40,"E",L48<40,"F")} -> D | M49: {=_xlfn.IFS(M48>= 70,"A",M48>=60,"B",M48>=50,"C",M48>=45,"D",M48>=40,"E",M48<40,"F")} -> D | N49: {=_xlfn.IFS(N48>= 70,"A",N48>=60,"B",N48>=50,"C",N48>=45,"D",N48>=40,"E",N48<40,"F")} -> C | O49: {=_xlfn.IFS(O48>= 70,"A",O48>=60,"B",O48>=50,"C",O48>=45,"D",O48>=40,"E",O48<40,"F")} -> C | P49: {=_xlfn.IFS(P48>= 70,"A",P48>=60,"B",P48>=50,"C",P48>=45,"D",P48>=40,"E",P48<40,"F")} -> C | ... AF49: {=_xlfn.IFS(AF48>= 70,"A",AF48>=60,"B",AF48>=50,"C",AF48>=45,"D",AF48>=40,"E",AF48<40,"F")} -> B | AH49: {=_xlfn.IFS(AG49>= 70,"A",AG49>=60,"B",AG49>=50,"C",AG49>=45,"D",AG49>=40,"E",AG49<40,"F")} -> F | AJ49: {=_xlfn.IFS(AI49>= 70,"A",AI49>=60,"B",AI49>=50,"C",AI49>=45,"D",AI49>=40,"E",AI49<40,"F")} -> F | AL49: {=_xlfn.IFS(AK49>= 70,"A",AK49>=60,"B",AK49>=50,"C",AK49>=45,"D",AK49>=40,"E",AK49<40,"F")} -> F | AM49: =SUMIFS($I$4:$W$4,I48:W48,">0") -> 23 | AN49: =(SUMIFS($I$4:$W$4,I48:W48,">0")-SUMIFS($I$4:$W$4,I49:W49,"F")) -> 23 | AO49: =SUMIFS($I$4:$W$4,I49:W49,"F") -> 0
A50: 23 | I50: 45 | J50: 46 | K50: 47 | L50: 48 | M50: 49 | N50: 50 | O50: 51 | P50: 52 | Q50: 53 | R50: 54 | S50: 55 | T50: 56 | U50: 57 | V50: 58 | W50: 59 | X50: 60 | Y50: 61 | Z50: 62 | AA50: 63 | AB50: 64 | AC50: 65 | AD50: 66 | AE50: 67 | AF50: 68 | AH50: {=_xlfn.IFS(AG50>= 70,"A",AG50>=60,"B",AG50>=50,"C",AG50>=45,"D",AG50>=40,"E",AG50<40,"F")} -> F | AJ50: {=_xlfn.IFS(AI50>= 70,"A",AI50>=60,"B",AI50>=50,"C",AI50>=45,"D",AI50>=40,"E",AI50<40,"F")} -> F | AL50: {=_xlfn.IFS(AK50>= 70,"A",AK50>=60,"B",AK50>=50,"C",AK50>=45,"D",AK50>=40,"E",AK50<40,"F")} -> F | AP50: {=SUM(VLOOKUP(I51:W51,GRADEPOINT!$A$2:$B$7,2,0)*$I$4:$W$4)} -> 61 | AQ50: =ROUND(AP50/AM51,2) -> 2.65
I51: {=_xlfn.IFS(I50>= 70,"A",I50>=60,"B",I50>=50,"C",I50>=45,"D",I50>=40,"E",I50<40,"F")} -> D | J51: {=_xlfn.IFS(J50>= 70,"A",J50>=60,"B",J50>=50,"C",J50>=45,"D",J50>=40,"E",J50<40,"F")} -> D | K51: {=_xlfn.IFS(K50>= 70,"A",K50>=60,"B",K50>=50,"C",K50>=45,"D",K50>=40,"E",K50<40,"F")} -> D | L51: {=_xlfn.IFS(L50>= 70,"A",L50>=60,"B",L50>=50,"C",L50>=45,"D",L50>=40,"E",L50<40,"F")} -> D | M51: {=_xlfn.IFS(M50>= 70,"A",M50>=60,"B",M50>=50,"C",M50>=45,"D",M50>=40,"E",M50<40,"F")} -> D | N51: {=_xlfn.IFS(N50>= 70,"A",N50>=60,"B",N50>=50,"C",N50>=45,"D",N50>=40,"E",N50<40,"F")} -> C | O51: {=_xlfn.IFS(O50>= 70,"A",O50>=60,"B",O50>=50,"C",O50>=45,"D",O50>=40,"E",O50<40,"F")} -> C | P51: {=_xlfn.IFS(P50>= 70,"A",P50>=60,"B",P50>=50,"C",P50>=45,"D",P50>=40,"E",P50<40,"F")} -> C | ... AF51: {=_xlfn.IFS(AF50>= 70,"A",AF50>=60,"B",AF50>=50,"C",AF50>=45,"D",AF50>=40,"E",AF50<40,"F")} -> B | AH51: {=_xlfn.IFS(AG51>= 70,"A",AG51>=60,"B",AG51>=50,"C",AG51>=45,"D",AG51>=40,"E",AG51<40,"F")} -> F | AJ51: {=_xlfn.IFS(AI51>= 70,"A",AI51>=60,"B",AI51>=50,"C",AI51>=45,"D",AI51>=40,"E",AI51<40,"F")} -> F | AL51: {=_xlfn.IFS(AK51>= 70,"A",AK51>=60,"B",AK51>=50,"C",AK51>=45,"D",AK51>=40,"E",AK51<40,"F")} -> F | AM51: =SUMIFS($I$4:$W$4,I50:W50,">0") -> 23 | AN51: =(SUMIFS($I$4:$W$4,I50:W50,">0")-SUMIFS($I$4:$W$4,I51:W51,"F")) -> 23 | AO51: =SUMIFS($I$4:$W$4,I51:W51,"F") -> 0
A52: 24 | I52: 45 | J52: 46 | K52: 47 | L52: 48 | M52: 49 | N52: 50 | O52: 51 | P52: 52 | Q52: 53 | R52: 54 | S52: 55 | T52: 56 | U52: 57 | V52: 58 | W52: 59 | X52: 60 | Y52: 61 | Z52: 62 | AA52: 63 | AB52: 64 | AC52: 65 | AD52: 66 | AE52: 67 | AF52: 68 | AH52: {=_xlfn.IFS(AG52>= 70,"A",AG52>=60,"B",AG52>=50,"C",AG52>=45,"D",AG52>=40,"E",AG52<40,"F")} -> F | AJ52: {=_xlfn.IFS(AI52>= 70,"A",AI52>=60,"B",AI52>=50,"C",AI52>=45,"D",AI52>=40,"E",AI52<40,"F")} -> F | AL52: {=_xlfn.IFS(AK52>= 70,"A",AK52>=60,"B",AK52>=50,"C",AK52>=45,"D",AK52>=40,"E",AK52<40,"F")} -> F | AP52: {=SUM(VLOOKUP(I53:W53,GRADEPOINT!$A$2:$B$7,2,0)*$I$4:$W$4)} -> 61 | AQ52: =ROUND(AP52/AM53,2) -> 2.65
I53: {=_xlfn.IFS(I52>= 70,"A",I52>=60,"B",I52>=50,"C",I52>=45,"D",I52>=40,"E",I52<40,"F")} -> D | J53: {=_xlfn.IFS(J52>= 70,"A",J52>=60,"B",J52>=50,"C",J52>=45,"D",J52>=40,"E",J52<40,"F")} -> D | K53: {=_xlfn.IFS(K52>= 70,"A",K52>=60,"B",K52>=50,"C",K52>=45,"D",K52>=40,"E",K52<40,"F")} -> D | L53: {=_xlfn.IFS(L52>= 70,"A",L52>=60,"B",L52>=50,"C",L52>=45,"D",L52>=40,"E",L52<40,"F")} -> D | M53: {=_xlfn.IFS(M52>= 70,"A",M52>=60,"B",M52>=50,"C",M52>=45,"D",M52>=40,"E",M52<40,"F")} -> D | N53: {=_xlfn.IFS(N52>= 70,"A",N52>=60,"B",N52>=50,"C",N52>=45,"D",N52>=40,"E",N52<40,"F")} -> C | O53: {=_xlfn.IFS(O52>= 70,"A",O52>=60,"B",O52>=50,"C",O52>=45,"D",O52>=40,"E",O52<40,"F")} -> C | P53: {=_xlfn.IFS(P52>= 70,"A",P52>=60,"B",P52>=50,"C",P52>=45,"D",P52>=40,"E",P52<40,"F")} -> C | ... AF53: {=_xlfn.IFS(AF52>= 70,"A",AF52>=60,"B",AF52>=50,"C",AF52>=45,"D",AF52>=40,"E",AF52<40,"F")} -> B | AH53: {=_xlfn.IFS(AG53>= 70,"A",AG53>=60,"B",AG53>=50,"C",AG53>=45,"D",AG53>=40,"E",AG53<40,"F")} -> F | AJ53: {=_xlfn.IFS(AI53>= 70,"A",AI53>=60,"B",AI53>=50,"C",AI53>=45,"D",AI53>=40,"E",AI53<40,"F")} -> F | AL53: {=_xlfn.IFS(AK53>= 70,"A",AK53>=60,"B",AK53>=50,"C",AK53>=45,"D",AK53>=40,"E",AK53<40,"F")} -> F | AM53: =SUMIFS($I$4:$W$4,I52:W52,">0") -> 23 | AN53: =(SUMIFS($I$4:$W$4,I52:W52,">0")-SUMIFS($I$4:$W$4,I53:W53,"F")) -> 23 | AO53: =SUMIFS($I$4:$W$4,I53:W53,"F") -> 0
A54: 25 | I54: 45 | J54: 46 | K54: 47 | L54: 48 | M54: 49 | N54: 50 | O54: 51 | P54: 52 | Q54: 53 | R54: 54 | S54: 55 | T54: 56 | U54: 57 | V54: 58 | W54: 59 | X54: 60 | Y54: 61 | Z54: 62 | AA54: 63 | AB54: 64 | AC54: 65 | AD54: 66 | AE54: 67 | AF54: 68 | AH54: {=_xlfn.IFS(AG54>= 70,"A",AG54>=60,"B",AG54>=50,"C",AG54>=45,"D",AG54>=40,"E",AG54<40,"F")} -> F | AJ54: {=_xlfn.IFS(AI54>= 70,"A",AI54>=60,"B",AI54>=50,"C",AI54>=45,"D",AI54>=40,"E",AI54<40,"F")} -> F | AL54: {=_xlfn.IFS(AK54>= 70,"A",AK54>=60,"B",AK54>=50,"C",AK54>=45,"D",AK54>=40,"E",AK54<40,"F")} -> F | AP54: {=SUM(VLOOKUP(I55:W55,GRADEPOINT!$A$2:$B$7,2,0)*$I$4:$W$4)} -> 61 | AQ54: =ROUND(AP54/AM55,2) -> 2.65
I55: {=_xlfn.IFS(I54>= 70,"A",I54>=60,"B",I54>=50,"C",I54>=45,"D",I54>=40,"E",I54<40,"F")} -> D | J55: {=_xlfn.IFS(J54>= 70,"A",J54>=60,"B",J54>=50,"C",J54>=45,"D",J54>=40,"E",J54<40,"F")} -> D | K55: {=_xlfn.IFS(K54>= 70,"A",K54>=60,"B",K54>=50,"C",K54>=45,"D",K54>=40,"E",K54<40,"F")} -> D | L55: {=_xlfn.IFS(L54>= 70,"A",L54>=60,"B",L54>=50,"C",L54>=45,"D",L54>=40,"E",L54<40,"F")} -> D | M55: {=_xlfn.IFS(M54>= 70,"A",M54>=60,"B",M54>=50,"C",M54>=45,"D",M54>=40,"E",M54<40,"F")} -> D | N55: {=_xlfn.IFS(N54>= 70,"A",N54>=60,"B",N54>=50,"C",N54>=45,"D",N54>=40,"E",N54<40,"F")} -> C | O55: {=_xlfn.IFS(O54>= 70,"A",O54>=60,"B",O54>=50,"C",O54>=45,"D",O54>=40,"E",O54<40,"F")} -> C | P55: {=_xlfn.IFS(P54>= 70,"A",P54>=60,"B",P54>=50,"C",P54>=45,"D",P54>=40,"E",P54<40,"F")} -> C | ... AF55: {=_xlfn.IFS(AF54>= 70,"A",AF54>=60,"B",AF54>=50,"C",AF54>=45,"D",AF54>=40,"E",AF54<40,"F")} -> B | AH55: {=_xlfn.IFS(AG55>= 70,"A",AG55>=60,"B",AG55>=50,"C",AG55>=45,"D",AG55>=40,"E",AG55<40,"F")} -> F | AJ55: {=_xlfn.IFS(AI55>= 70,"A",AI55>=60,"B",AI55>=50,"C",AI55>=45,"D",AI55>=40,"E",AI55<40,"F")} -> F | AL55: {=_xlfn.IFS(AK55>= 70,"A",AK55>=60,"B",AK55>=50,"C",AK55>=45,"D",AK55>=40,"E",AK55<40,"F")} -> F | AM55: =SUMIFS($I$4:$W$4,I54:W54,">0") -> 23 | AN55: =(SUMIFS($I$4:$W$4,I54:W54,">0")-SUMIFS($I$4:$W$4,I55:W55,"F")) -> 23 | AO55: =SUMIFS($I$4:$W$4,I55:W55,"F") -> 0
A56: 26 | I56: 45 | J56: 46 | K56: 47 | L56: 48 | M56: 49 | N56: 50 | O56: 51 | P56: 52 | Q56: 53 | R56: 54 | S56: 55 | T56: 56 | U56: 57 | V56: 58 | W56: 59 | X56: 60 | Y56: 61 | Z56: 62 | AA56: 63 | AB56: 64 | AC56: 65 | AD56: 66 | AE56: 67 | AF56: 68 | AH56: {=_xlfn.IFS(AG56>= 70,"A",AG56>=60,"B",AG56>=50,"C",AG56>=45,"D",AG56>=40,"E",AG56<40,"F")} -> F | AJ56: {=_xlfn.IFS(AI56>= 70,"A",AI56>=60,"B",AI56>=50,"C",AI56>=45,"D",AI56>=40,"E",AI56<40,"F")} -> F | AL56: {=_xlfn.IFS(AK56>= 70,"A",AK56>=60,"B",AK56>=50,"C",AK56>=45,"D",AK56>=40,"E",AK56<40,"F")} -> F | AP56: {=SUM(VLOOKUP(I57:W57,GRADEPOINT!$A$2:$B$7,2,0)*$I$4:$W$4)} -> 61 | AQ56: =ROUND(AP56/AM57,2) -> 2.65
I57: {=_xlfn.IFS(I56>= 70,"A",I56>=60,"B",I56>=50,"C",I56>=45,"D",I56>=40,"E",I56<40,"F")} -> D | J57: {=_xlfn.IFS(J56>= 70,"A",J56>=60,"B",J56>=50,"C",J56>=45,"D",J56>=40,"E",J56<40,"F")} -> D | K57: {=_xlfn.IFS(K56>= 70,"A",K56>=60,"B",K56>=50,"C",K56>=45,"D",K56>=40,"E",K56<40,"F")} -> D | L57: {=_xlfn.IFS(L56>= 70,"A",L56>=60,"B",L56>=50,"C",L56>=45,"D",L56>=40,"E",L56<40,"F")} -> D | M57: {=_xlfn.IFS(M56>= 70,"A",M56>=60,"B",M56>=50,"C",M56>=45,"D",M56>=40,"E",M56<40,"F")} -> D | N57: {=_xlfn.IFS(N56>= 70,"A",N56>=60,"B",N56>=50,"C",N56>=45,"D",N56>=40,"E",N56<40,"F")} -> C | O57: {=_xlfn.IFS(O56>= 70,"A",O56>=60,"B",O56>=50,"C",O56>=45,"D",O56>=40,"E",O56<40,"F")} -> C | P57: {=_xlfn.IFS(P56>= 70,"A",P56>=60,"B",P56>=50,"C",P56>=45,"D",P56>=40,"E",P56<40,"F")} -> C | ... AF57: {=_xlfn.IFS(AF56>= 70,"A",AF56>=60,"B",AF56>=50,"C",AF56>=45,"D",AF56>=40,"E",AF56<40,"F")} -> B | AH57: {=_xlfn.IFS(AG57>= 70,"A",AG57>=60,"B",AG57>=50,"C",AG57>=45,"D",AG57>=40,"E",AG57<40,"F")} -> F | AJ57: {=_xlfn.IFS(AI57>= 70,"A",AI57>=60,"B",AI57>=50,"C",AI57>=45,"D",AI57>=40,"E",AI57<40,"F")} -> F | AL57: {=_xlfn.IFS(AK57>= 70,"A",AK57>=60,"B",AK57>=50,"C",AK57>=45,"D",AK57>=40,"E",AK57<40,"F")} -> F | AM57: =SUMIFS($I$4:$W$4,I56:W56,">0") -> 23 | AN57: =(SUMIFS($I$4:$W$4,I56:W56,">0")-SUMIFS($I$4:$W$4,I57:W57,"F")) -> 23 | AO57: =SUMIFS($I$4:$W$4,I57:W57,"F") -> 0
A58: 27 | I58: 45 | J58: 46 | K58: 47 | L58: 48 | M58: 49 | N58: 50 | O58: 51 | P58: 52 | Q58: 53 | R58: 54 | S58: 55 | T58: 56 | U58: 57 | V58: 58 | W58: 59 | X58: 60 | Y58: 61 | Z58: 62 | AA58: 63 | AB58: 64 | AC58: 65 | AD58: 66 | AE58: 67 | AF58: 68 | AH58: {=_xlfn.IFS(AG58>= 70,"A",AG58>=60,"B",AG58>=50,"C",AG58>=45,"D",AG58>=40,"E",AG58<40,"F")} -> F | AJ58: {=_xlfn.IFS(AI58>= 70,"A",AI58>=60,"B",AI58>=50,"C",AI58>=45,"D",AI58>=40,"E",AI58<40,"F")} -> F | AL58: {=_xlfn.IFS(AK58>= 70,"A",AK58>=60,"B",AK58>=50,"C",AK58>=45,"D",AK58>=40,"E",AK58<40,"F")} -> F | AP58: {=SUM(VLOOKUP(I59:W59,GRADEPOINT!$A$2:$B$7,2,0)*$I$4:$W$4)} -> 61 | AQ58: =ROUND(AP58/AM59,2) -> 2.65
I59: {=_xlfn.IFS(I58>= 70,"A",I58>=60,"B",I58>=50,"C",I58>=45,"D",I58>=40,"E",I58<40,"F")} -> D | J59: {=_xlfn.IFS(J58>= 70,"A",J58>=60,"B",J58>=50,"C",J58>=45,"D",J58>=40,"E",J58<40,"F")} -> D | K59: {=_xlfn.IFS(K58>= 70,"A",K58>=60,"B",K58>=50,"C",K58>=45,"D",K58>=40,"E",K58<40,"F")} -> D | L59: {=_xlfn.IFS(L58>= 70,"A",L58>=60,"B",L58>=50,"C",L58>=45,"D",L58>=40,"E",L58<40,"F")} -> D | M59: {=_xlfn.IFS(M58>= 70,"A",M58>=60,"B",M58>=50,"C",M58>=45,"D",M58>=40,"E",M58<40,"F")} -> D | N59: {=_xlfn.IFS(N58>= 70,"A",N58>=60,"B",N58>=50,"C",N58>=45,"D",N58>=40,"E",N58<40,"F")} -> C | O59: {=_xlfn.IFS(O58>= 70,"A",O58>=60,"B",O58>=50,"C",O58>=45,"D",O58>=40,"E",O58<40,"F")} -> C | P59: {=_xlfn.IFS(P58>= 70,"A",P58>=60,"B",P58>=50,"C",P58>=45,"D",P58>=40,"E",P58<40,"F")} -> C | ... AF59: {=_xlfn.IFS(AF58>= 70,"A",AF58>=60,"B",AF58>=50,"C",AF58>=45,"D",AF58>=40,"E",AF58<40,"F")} -> B | AH59: {=_xlfn.IFS(AG59>= 70,"A",AG59>=60,"B",AG59>=50,"C",AG59>=45,"D",AG59>=40,"E",AG59<40,"F")} -> F | AJ59: {=_xlfn.IFS(AI59>= 70,"A",AI59>=60,"B",AI59>=50,"C",AI59>=45,"D",AI59>=40,"E",AI59<40,"F")} -> F | AL59: {=_xlfn.IFS(AK59>= 70,"A",AK59>=60,"B",AK59>=50,"C",AK59>=45,"D",AK59>=40,"E",AK59<40,"F")} -> F | AM59: =SUMIFS($I$4:$W$4,I58:W58,">0") -> 23 | AN59: =(SUMIFS($I$4:$W$4,I58:W58,">0")-SUMIFS($I$4:$W$4,I59:W59,"F")) -> 23 | AO59: =SUMIFS($I$4:$W$4,I59:W59,"F") -> 0
A60: 28 | I60: 45 | J60: 46 | K60: 47 | L60: 48 | M60: 49 | N60: 50 | O60: 51 | P60: 52 | Q60: 53 | R60: 54 | S60: 55 | T60: 56 | U60: 57 | V60: 58 | W60: 59 | X60: 60 | Y60: 61 | Z60: 62 | AA60: 63 | AB60: 64 | AC60: 65 | AD60: 66 | AE60: 67 | AF60: 68 | AH60: {=_xlfn.IFS(AG60>= 70,"A",AG60>=60,"B",AG60>=50,"C",AG60>=45,"D",AG60>=40,"E",AG60<40,"F")} -> F | AJ60: {=_xlfn.IFS(AI60>= 70,"A",AI60>=60,"B",AI60>=50,"C",AI60>=45,"D",AI60>=40,"E",AI60<40,"F")} -> F | AL60: {=_xlfn.IFS(AK60>= 70,"A",AK60>=60,"B",AK60>=50,"C",AK60>=45,"D",AK60>=40,"E",AK60<40,"F")} -> F | AP60: {=SUM(VLOOKUP(I61:W61,GRADEPOINT!$A$2:$B$7,2,0)*$I$4:$W$4)} -> 61 | AQ60: =ROUND(AP60/AM61,2) -> 2.65
I61: {=_xlfn.IFS(I60>= 70,"A",I60>=60,"B",I60>=50,"C",I60>=45,"D",I60>=40,"E",I60<40,"F")} -> D | J61: {=_xlfn.IFS(J60>= 70,"A",J60>=60,"B",J60>=50,"C",J60>=45,"D",J60>=40,"E",J60<40,"F")} -> D | K61: {=_xlfn.IFS(K60>= 70,"A",K60>=60,"B",K60>=50,"C",K60>=45,"D",K60>=40,"E",K60<40,"F")} -> D | L61: {=_xlfn.IFS(L60>= 70,"A",L60>=60,"B",L60>=50,"C",L60>=45,"D",L60>=40,"E",L60<40,"F")} -> D | M61: {=_xlfn.IFS(M60>= 70,"A",M60>=60,"B",M60>=50,"C",M60>=45,"D",M60>=40,"E",M60<40,"F")} -> D | N61: {=_xlfn.IFS(N60>= 70,"A",N60>=60,"B",N60>=50,"C",N60>=45,"D",N60>=40,"E",N60<40,"F")} -> C | O61: {=_xlfn.IFS(O60>= 70,"A",O60>=60,"B",O60>=50,"C",O60>=45,"D",O60>=40,"E",O60<40,"F")} -> C | P61: {=_xlfn.IFS(P60>= 70,"A",P60>=60,"B",P60>=50,"C",P60>=45,"D",P60>=40,"E",P60<40,"F")} -> C | ... AF61: {=_xlfn.IFS(AF60>= 70,"A",AF60>=60,"B",AF60>=50,"C",AF60>=45,"D",AF60>=40,"E",AF60<40,"F")} -> B | AH61: {=_xlfn.IFS(AG61>= 70,"A",AG61>=60,"B",AG61>=50,"C",AG61>=45,"D",AG61>=40,"E",AG61<40,"F")} -> F | AJ61: {=_xlfn.IFS(AI61>= 70,"A",AI61>=60,"B",AI61>=50,"C",AI61>=45,"D",AI61>=40,"E",AI61<40,"F")} -> F | AL61: {=_xlfn.IFS(AK61>= 70,"A",AK61>=60,"B",AK61>=50,"C",AK61>=45,"D",AK61>=40,"E",AK61<40,"F")} -> F | AM61: =SUMIFS($I$4:$W$4,I60:W60,">0") -> 23 | AN61: =(SUMIFS($I$4:$W$4,I60:W60,">0")-SUMIFS($I$4:$W$4,I61:W61,"F")) -> 23 | AO61: =SUMIFS($I$4:$W$4,I61:W61,"F") -> 0
A62: 29 | I62: 45 | J62: 46 | K62: 47 | L62: 48 | M62: 49 | N62: 50 | O62: 51 | P62: 52 | Q62: 53 | R62: 54 | S62: 55 | T62: 56 | U62: 57 | V62: 58 | W62: 59 | X62: 60 | Y62: 61 | Z62: 62 | AA62: 63 | AB62: 64 | AC62: 65 | AD62: 66 | AE62: 67 | AF62: 68 | AH62: {=_xlfn.IFS(AG62>= 70,"A",AG62>=60,"B",AG62>=50,"C",AG62>=45,"D",AG62>=40,"E",AG62<40,"F")} -> F | AJ62: {=_xlfn.IFS(AI62>= 70,"A",AI62>=60,"B",AI62>=50,"C",AI62>=45,"D",AI62>=40,"E",AI62<40,"F")} -> F | AL62: {=_xlfn.IFS(AK62>= 70,"A",AK62>=60,"B",AK62>=50,"C",AK62>=45,"D",AK62>=40,"E",AK62<40,"F")} -> F | AP62: {=SUM(VLOOKUP(I63:W63,GRADEPOINT!$A$2:$B$7,2,0)*$I$4:$W$4)} -> 61 | AQ62: =ROUND(AP62/AM63,2) -> 2.65
I63: {=_xlfn.IFS(I62>= 70,"A",I62>=60,"B",I62>=50,"C",I62>=45,"D",I62>=40,"E",I62<40,"F")} -> D | J63: {=_xlfn.IFS(J62>= 70,"A",J62>=60,"B",J62>=50,"C",J62>=45,"D",J62>=40,"E",J62<40,"F")} -> D | K63: {=_xlfn.IFS(K62>= 70,"A",K62>=60,"B",K62>=50,"C",K62>=45,"D",K62>=40,"E",K62<40,"F")} -> D | L63: {=_xlfn.IFS(L62>= 70,"A",L62>=60,"B",L62>=50,"C",L62>=45,"D",L62>=40,"E",L62<40,"F")} -> D | M63: {=_xlfn.IFS(M62>= 70,"A",M62>=60,"B",M62>=50,"C",M62>=45,"D",M62>=40,"E",M62<40,"F")} -> D | N63: {=_xlfn.IFS(N62>= 70,"A",N62>=60,"B",N62>=50,"C",N62>=45,"D",N62>=40,"E",N62<40,"F")} -> C | O63: {=_xlfn.IFS(O62>= 70,"A",O62>=60,"B",O62>=50,"C",O62>=45,"D",O62>=40,"E",O62<40,"F")} -> C | P63: {=_xlfn.IFS(P62>= 70,"A",P62>=60,"B",P62>=50,"C",P62>=45,"D",P62>=40,"E",P62<40,"F")} -> C | ... AF63: {=_xlfn.IFS(AF62>= 70,"A",AF62>=60,"B",AF62>=50,"C",AF62>=45,"D",AF62>=40,"E",AF62<40,"F")} -> B | AH63: {=_xlfn.IFS(AG63>= 70,"A",AG63>=60,"B",AG63>=50,"C",AG63>=45,"D",AG63>=40,"E",AG63<40,"F")} -> F | AJ63: {=_xlfn.IFS(AI63>= 70,"A",AI63>=60,"B",AI63>=50,"C",AI63>=45,"D",AI63>=40,"E",AI63<40,"F")} -> F | AL63: {=_xlfn.IFS(AK63>= 70,"A",AK63>=60,"B",AK63>=50,"C",AK63>=45,"D",AK63>=40,"E",AK63<40,"F")} -> F | AM63: =SUMIFS($I$4:$W$4,I62:W62,">0") -> 23 | AN63: =(SUMIFS($I$4:$W$4,I62:W62,">0")-SUMIFS($I$4:$W$4,I63:W63,"F")) -> 23 | AO63: =SUMIFS($I$4:$W$4,I63:W63,"F") -> 0
A64: 30 | I64: 45 | J64: 46 | K64: 47 | L64: 48 | M64: 49 | N64: 50 | O64: 51 | P64: 52 | Q64: 53 | R64: 54 | S64: 55 | T64: 56 | U64: 57 | V64: 58 | W64: 59 | X64: 60 | Y64: 61 | Z64: 62 | AA64: 63 | AB64: 64 | AC64: 65 | AD64: 66 | AE64: 67 | AF64: 68 | AH64: {=_xlfn.IFS(AG64>= 70,"A",AG64>=60,"B",AG64>=50,"C",AG64>=45,"D",AG64>=40,"E",AG64<40,"F")} -> F | AJ64: {=_xlfn.IFS(AI64>= 70,"A",AI64>=60,"B",AI64>=50,"C",AI64>=45,"D",AI64>=40,"E",AI64<40,"F")} -> F | AL64: {=_xlfn.IFS(AK64>= 70,"A",AK64>=60,"B",AK64>=50,"C",AK64>=45,"D",AK64>=40,"E",AK64<40,"F")} -> F | AP64: {=SUM(VLOOKUP(I65:W65,GRADEPOINT!$A$2:$B$7,2,0)*$I$4:$W$4)} -> 61 | AQ64: =ROUND(AP64/AM65,2) -> 2.65
I65: {=_xlfn.IFS(I64>= 70,"A",I64>=60,"B",I64>=50,"C",I64>=45,"D",I64>=40,"E",I64<40,"F")} -> D | J65: {=_xlfn.IFS(J64>= 70,"A",J64>=60,"B",J64>=50,"C",J64>=45,"D",J64>=40,"E",J64<40,"F")} -> D | K65: {=_xlfn.IFS(K64>= 70,"A",K64>=60,"B",K64>=50,"C",K64>=45,"D",K64>=40,"E",K64<40,"F")} -> D | L65: {=_xlfn.IFS(L64>= 70,"A",L64>=60,"B",L64>=50,"C",L64>=45,"D",L64>=40,"E",L64<40,"F")} -> D | M65: {=_xlfn.IFS(M64>= 70,"A",M64>=60,"B",M64>=50,"C",M64>=45,"D",M64>=40,"E",M64<40,"F")} -> D | N65: {=_xlfn.IFS(N64>= 70,"A",N64>=60,"B",N64>=50,"C",N64>=45,"D",N64>=40,"E",N64<40,"F")} -> C | O65: {=_xlfn.IFS(O64>= 70,"A",O64>=60,"B",O64>=50,"C",O64>=45,"D",O64>=40,"E",O64<40,"F")} -> C | P65: {=_xlfn.IFS(P64>= 70,"A",P64>=60,"B",P64>=50,"C",P64>=45,"D",P64>=40,"E",P64<40,"F")} -> C | ... AF65: {=_xlfn.IFS(AF64>= 70,"A",AF64>=60,"B",AF64>=50,"C",AF64>=45,"D",AF64>=40,"E",AF64<40,"F")} -> B | AH65: {=_xlfn.IFS(AG65>= 70,"A",AG65>=60,"B",AG65>=50,"C",AG65>=45,"D",AG65>=40,"E",AG65<40,"F")} -> F | AJ65: {=_xlfn.IFS(AI65>= 70,"A",AI65>=60,"B",AI65>=50,"C",AI65>=45,"D",AI65>=40,"E",AI65<40,"F")} -> F | AL65: {=_xlfn.IFS(AK65>= 70,"A",AK65>=60,"B",AK65>=50,"C",AK65>=45,"D",AK65>=40,"E",AK65<40,"F")} -> F | AM65: =SUMIFS($I$4:$W$4,I64:W64,">0") -> 23 | AN65: =(SUMIFS($I$4:$W$4,I64:W64,">0")-SUMIFS($I$4:$W$4,I65:W65,"F")) -> 23 | AO65: =SUMIFS($I$4:$W$4,I65:W65,"F") -> 0
A66: 31 | I66: 45 | J66: 46 | K66: 47 | L66: 48 | M66: 49 | N66: 50 | O66: 51 | P66: 52 | Q66: 53 | R66: 54 | S66: 55 | T66: 56 | U66: 57 | V66: 58 | W66: 59 | X66: 60 | Y66: 61 | Z66: 62 | AA66: 63 | AB66: 64 | AC66: 65 | AD66: 66 | AE66: 67 | AF66: 68 | AH66: {=_xlfn.IFS(AG66>= 70,"A",AG66>=60,"B",AG66>=50,"C",AG66>=45,"D",AG66>=40,"E",AG66<40,"F")} -> F | AJ66: {=_xlfn.IFS(AI66>= 70,"A",AI66>=60,"B",AI66>=50,"C",AI66>=45,"D",AI66>=40,"E",AI66<40,"F")} -> F | AL66: {=_xlfn.IFS(AK66>= 70,"A",AK66>=60,"B",AK66>=50,"C",AK66>=45,"D",AK66>=40,"E",AK66<40,"F")} -> F | AP66: {=SUM(VLOOKUP(I67:W67,GRADEPOINT!$A$2:$B$7,2,0)*$I$4:$W$4)} -> 61 | AQ66: =ROUND(AP66/AM67,2) -> 2.65
I67: {=_xlfn.IFS(I66>= 70,"A",I66>=60,"B",I66>=50,"C",I66>=45,"D",I66>=40,"E",I66<40,"F")} -> D | J67: {=_xlfn.IFS(J66>= 70,"A",J66>=60,"B",J66>=50,"C",J66>=45,"D",J66>=40,"E",J66<40,"F")} -> D | K67: {=_xlfn.IFS(K66>= 70,"A",K66>=60,"B",K66>=50,"C",K66>=45,"D",K66>=40,"E",K66<40,"F")} -> D | L67: {=_xlfn.IFS(L66>= 70,"A",L66>=60,"B",L66>=50,"C",L66>=45,"D",L66>=40,"E",L66<40,"F")} -> D | M67: {=_xlfn.IFS(M66>= 70,"A",M66>=60,"B",M66>=50,"C",M66>=45,"D",M66>=40,"E",M66<40,"F")} -> D | N67: {=_xlfn.IFS(N66>= 70,"A",N66>=60,"B",N66>=50,"C",N66>=45,"D",N66>=40,"E",N66<40,"F")} -> C | O67: {=_xlfn.IFS(O66>= 70,"A",O66>=60,"B",O66>=50,"C",O66>=45,"D",O66>=40,"E",O66<40,"F")} -> C | P67: {=_xlfn.IFS(P66>= 70,"A",P66>=60,"B",P66>=50,"C",P66>=45,"D",P66>=40,"E",P66<40,"F")} -> C | ... AF67: {=_xlfn.IFS(AF66>= 70,"A",AF66>=60,"B",AF66>=50,"C",AF66>=45,"D",AF66>=40,"E",AF66<40,"F")} -> B | AH67: {=_xlfn.IFS(AG67>= 70,"A",AG67>=60,"B",AG67>=50,"C",AG67>=45,"D",AG67>=40,"E",AG67<40,"F")} -> F | AJ67: {=_xlfn.IFS(AI67>= 70,"A",AI67>=60,"B",AI67>=50,"C",AI67>=45,"D",AI67>=40,"E",AI67<40,"F")} -> F | AL67: {=_xlfn.IFS(AK67>= 70,"A",AK67>=60,"B",AK67>=50,"C",AK67>=45,"D",AK67>=40,"E",AK67<40,"F")} -> F | AM67: =SUMIFS($I$4:$W$4,I66:W66,">0") -> 23 | AN67: =(SUMIFS($I$4:$W$4,I66:W66,">0")-SUMIFS($I$4:$W$4,I67:W67,"F")) -> 23 | AO67: =SUMIFS($I$4:$W$4,I67:W67,"F") -> 0
A68: 32 | I68: 45 | J68: 46 | K68: 47 | L68: 48 | M68: 49 | N68: 50 | O68: 51 | P68: 52 | Q68: 53 | R68: 54 | S68: 55 | T68: 56 | U68: 57 | V68: 58 | W68: 59 | X68: 60 | Y68: 61 | Z68: 62 | AA68: 63 | AB68: 64 | AC68: 65 | AD68: 66 | AE68: 67 | AF68: 68 | AH68: {=_xlfn.IFS(AG68>= 70,"A",AG68>=60,"B",AG68>=50,"C",AG68>=45,"D",AG68>=40,"E",AG68<40,"F")} -> F | AJ68: {=_xlfn.IFS(AI68>= 70,"A",AI68>=60,"B",AI68>=50,"C",AI68>=45,"D",AI68>=40,"E",AI68<40,"F")} -> F | AL68: {=_xlfn.IFS(AK68>= 70,"A",AK68>=60,"B",AK68>=50,"C",AK68>=45,"D",AK68>=40,"E",AK68<40,"F")} -> F | AP68: {=SUM(VLOOKUP(I69:W69,GRADEPOINT!$A$2:$B$7,2,0)*$I$4:$W$4)} -> 61 | AQ68: =ROUND(AP68/AM69,2) -> 2.65
I69: {=_xlfn.IFS(I68>= 70,"A",I68>=60,"B",I68>=50,"C",I68>=45,"D",I68>=40,"E",I68<40,"F")} -> D | J69: {=_xlfn.IFS(J68>= 70,"A",J68>=60,"B",J68>=50,"C",J68>=45,"D",J68>=40,"E",J68<40,"F")} -> D | K69: {=_xlfn.IFS(K68>= 70,"A",K68>=60,"B",K68>=50,"C",K68>=45,"D",K68>=40,"E",K68<40,"F")} -> D | L69: {=_xlfn.IFS(L68>= 70,"A",L68>=60,"B",L68>=50,"C",L68>=45,"D",L68>=40,"E",L68<40,"F")} -> D | M69: {=_xlfn.IFS(M68>= 70,"A",M68>=60,"B",M68>=50,"C",M68>=45,"D",M68>=40,"E",M68<40,"F")} -> D | N69: {=_xlfn.IFS(N68>= 70,"A",N68>=60,"B",N68>=50,"C",N68>=45,"D",N68>=40,"E",N68<40,"F")} -> C | O69: {=_xlfn.IFS(O68>= 70,"A",O68>=60,"B",O68>=50,"C",O68>=45,"D",O68>=40,"E",O68<40,"F")} -> C | P69: {=_xlfn.IFS(P68>= 70,"A",P68>=60,"B",P68>=50,"C",P68>=45,"D",P68>=40,"E",P68<40,"F")} -> C | ... AF69: {=_xlfn.IFS(AF68>= 70,"A",AF68>=60,"B",AF68>=50,"C",AF68>=45,"D",AF68>=40,"E",AF68<40,"F")} -> B | AH69: {=_xlfn.IFS(AG69>= 70,"A",AG69>=60,"B",AG69>=50,"C",AG69>=45,"D",AG69>=40,"E",AG69<40,"F")} -> F | AJ69: {=_xlfn.IFS(AI69>= 70,"A",AI69>=60,"B",AI69>=50,"C",AI69>=45,"D",AI69>=40,"E",AI69<40,"F")} -> F | AL69: {=_xlfn.IFS(AK69>= 70,"A",AK69>=60,"B",AK69>=50,"C",AK69>=45,"D",AK69>=40,"E",AK69<40,"F")} -> F | AM69: =SUMIFS($I$4:$W$4,I68:W68,">0") -> 23 | AN69: =(SUMIFS($I$4:$W$4,I68:W68,">0")-SUMIFS($I$4:$W$4,I69:W69,"F")) -> 23 | AO69: =SUMIFS($I$4:$W$4,I69:W69,"F") -> 0
A70: 33 | I70: 45 | J70: 46 | K70: 47 | L70: 48 | M70: 49 | N70: 50 | O70: 51 | P70: 52 | Q70: 53 | R70: 54 | S70: 55 | T70: 56 | U70: 57 | V70: 58 | W70: 59 | X70: 60 | Y70: 61 | Z70: 62 | AA70: 63 | AB70: 64 | AC70: 65 | AD70: 66 | AE70: 67 | AF70: 68 | AH70: {=_xlfn.IFS(AG70>= 70,"A",AG70>=60,"B",AG70>=50,"C",AG70>=45,"D",AG70>=40,"E",AG70<40,"F")} -> F | AJ70: {=_xlfn.IFS(AI70>= 70,"A",AI70>=60,"B",AI70>=50,"C",AI70>=45,"D",AI70>=40,"E",AI70<40,"F")} -> F | AL70: {=_xlfn.IFS(AK70>= 70,"A",AK70>=60,"B",AK70>=50,"C",AK70>=45,"D",AK70>=40,"E",AK70<40,"F")} -> F | AP70: {=SUM(VLOOKUP(I71:W71,GRADEPOINT!$A$2:$B$7,2,0)*$I$4:$W$4)} -> 61 | AQ70: =ROUND(AP70/AM71,2) -> 2.65
I71: {=_xlfn.IFS(I70>= 70,"A",I70>=60,"B",I70>=50,"C",I70>=45,"D",I70>=40,"E",I70<40,"F")} -> D | J71: {=_xlfn.IFS(J70>= 70,"A",J70>=60,"B",J70>=50,"C",J70>=45,"D",J70>=40,"E",J70<40,"F")} -> D | K71: {=_xlfn.IFS(K70>= 70,"A",K70>=60,"B",K70>=50,"C",K70>=45,"D",K70>=40,"E",K70<40,"F")} -> D | L71: {=_xlfn.IFS(L70>= 70,"A",L70>=60,"B",L70>=50,"C",L70>=45,"D",L70>=40,"E",L70<40,"F")} -> D | M71: {=_xlfn.IFS(M70>= 70,"A",M70>=60,"B",M70>=50,"C",M70>=45,"D",M70>=40,"E",M70<40,"F")} -> D | N71: {=_xlfn.IFS(N70>= 70,"A",N70>=60,"B",N70>=50,"C",N70>=45,"D",N70>=40,"E",N70<40,"F")} -> C | O71: {=_xlfn.IFS(O70>= 70,"A",O70>=60,"B",O70>=50,"C",O70>=45,"D",O70>=40,"E",O70<40,"F")} -> C | P71: {=_xlfn.IFS(P70>= 70,"A",P70>=60,"B",P70>=50,"C",P70>=45,"D",P70>=40,"E",P70<40,"F")} -> C | ... AF71: {=_xlfn.IFS(AF70>= 70,"A",AF70>=60,"B",AF70>=50,"C",AF70>=45,"D",AF70>=40,"E",AF70<40,"F")} -> B | AH71: {=_xlfn.IFS(AG71>= 70,"A",AG71>=60,"B",AG71>=50,"C",AG71>=45,"D",AG71>=40,"E",AG71<40,"F")} -> F | AJ71: {=_xlfn.IFS(AI71>= 70,"A",AI71>=60,"B",AI71>=50,"C",AI71>=45,"D",AI71>=40,"E",AI71<40,"F")} -> F | AL71: {=_xlfn.IFS(AK71>= 70,"A",AK71>=60,"B",AK71>=50,"C",AK71>=45,"D",AK71>=40,"E",AK71<40,"F")} -> F | AM71: =SUMIFS($I$4:$W$4,I70:W70,">0") -> 23 | AN71: =(SUMIFS($I$4:$W$4,I70:W70,">0")-SUMIFS($I$4:$W$4,I71:W71,"F")) -> 23 | AO71: =SUMIFS($I$4:$W$4,I71:W71,"F") -> 0
A72: 34 | I72: 45 | J72: 46 | K72: 47 | L72: 48 | M72: 49 | N72: 50 | O72: 51 | P72: 52 | Q72: 53 | R72: 54 | S72: 55 | T72: 56 | U72: 57 | V72: 58 | W72: 59 | X72: 60 | Y72: 61 | Z72: 62 | AA72: 63 | AB72: 64 | AC72: 65 | AD72: 66 | AE72: 67 | AF72: 68 | AH72: {=_xlfn.IFS(AG72>= 70,"A",AG72>=60,"B",AG72>=50,"C",AG72>=45,"D",AG72>=40,"E",AG72<40,"F")} -> F | AJ72: {=_xlfn.IFS(AI72>= 70,"A",AI72>=60,"B",AI72>=50,"C",AI72>=45,"D",AI72>=40,"E",AI72<40,"F")} -> F | AL72: {=_xlfn.IFS(AK72>= 70,"A",AK72>=60,"B",AK72>=50,"C",AK72>=45,"D",AK72>=40,"E",AK72<40,"F")} -> F | AP72: {=SUM(VLOOKUP(I73:W73,GRADEPOINT!$A$2:$B$7,2,0)*$I$4:$W$4)} -> 61 | AQ72: =ROUND(AP72/AM73,2) -> 2.65
I73: {=_xlfn.IFS(I72>= 70,"A",I72>=60,"B",I72>=50,"C",I72>=45,"D",I72>=40,"E",I72<40,"F")} -> D | J73: {=_xlfn.IFS(J72>= 70,"A",J72>=60,"B",J72>=50,"C",J72>=45,"D",J72>=40,"E",J72<40,"F")} -> D | K73: {=_xlfn.IFS(K72>= 70,"A",K72>=60,"B",K72>=50,"C",K72>=45,"D",K72>=40,"E",K72<40,"F")} -> D | L73: {=_xlfn.IFS(L72>= 70,"A",L72>=60,"B",L72>=50,"C",L72>=45,"D",L72>=40,"E",L72<40,"F")} -> D | M73: {=_xlfn.IFS(M72>= 70,"A",M72>=60,"B",M72>=50,"C",M72>=45,"D",M72>=40,"E",M72<40,"F")} -> D | N73: {=_xlfn.IFS(N72>= 70,"A",N72>=60,"B",N72>=50,"C",N72>=45,"D",N72>=40,"E",N72<40,"F")} -> C | O73: {=_xlfn.IFS(O72>= 70,"A",O72>=60,"B",O72>=50,"C",O72>=45,"D",O72>=40,"E",O72<40,"F")} -> C | P73: {=_xlfn.IFS(P72>= 70,"A",P72>=60,"B",P72>=50,"C",P72>=45,"D",P72>=40,"E",P72<40,"F")} -> C | ... AF73: {=_xlfn.IFS(AF72>= 70,"A",AF72>=60,"B",AF72>=50,"C",AF72>=45,"D",AF72>=40,"E",AF72<40,"F")} -> B | AH73: {=_xlfn.IFS(AG73>= 70,"A",AG73>=60,"B",AG73>=50,"C",AG73>=45,"D",AG73>=40,"E",AG73<40,"F")} -> F | AJ73: {=_xlfn.IFS(AI73>= 70,"A",AI73>=60,"B",AI73>=50,"C",AI73>=45,"D",AI73>=40,"E",AI73<40,"F")} -> F | AL73: {=_xlfn.IFS(AK73>= 70,"A",AK73>=60,"B",AK73>=50,"C",AK73>=45,"D",AK73>=40,"E",AK73<40,"F")} -> F | AM73: =SUMIFS($I$4:$W$4,I72:W72,">0") -> 23 | AN73: =(SUMIFS($I$4:$W$4,I72:W72,">0")-SUMIFS($I$4:$W$4,I73:W73,"F")) -> 23 | AO73: =SUMIFS($I$4:$W$4,I73:W73,"F") -> 0
A74: 35 | I74: 45 | J74: 46 | K74: 47 | L74: 48 | M74: 49 | N74: 50 | O74: 51 | P74: 52 | Q74: 53 | R74: 54 | S74: 55 | T74: 56 | U74: 57 | V74: 58 | W74: 59 | X74: 60 | Y74: 61 | Z74: 62 | AA74: 63 | AB74: 64 | AC74: 65 | AD74: 66 | AE74: 67 | AF74: 68 | AH74: {=_xlfn.IFS(AG74>= 70,"A",AG74>=60,"B",AG74>=50,"C",AG74>=45,"D",AG74>=40,"E",AG74<40,"F")} -> F | AJ74: {=_xlfn.IFS(AI74>= 70,"A",AI74>=60,"B",AI74>=50,"C",AI74>=45,"D",AI74>=40,"E",AI74<40,"F")} -> F | AL74: {=_xlfn.IFS(AK74>= 70,"A",AK74>=60,"B",AK74>=50,"C",AK74>=45,"D",AK74>=40,"E",AK74<40,"F")} -> F | AP74: {=SUM(VLOOKUP(I75:W75,GRADEPOINT!$A$2:$B$7,2,0)*$I$4:$W$4)} -> 61 | AQ74: =ROUND(AP74/AM75,2) -> 2.65
I75: {=_xlfn.IFS(I74>= 70,"A",I74>=60,"B",I74>=50,"C",I74>=45,"D",I74>=40,"E",I74<40,"F")} -> D | J75: {=_xlfn.IFS(J74>= 70,"A",J74>=60,"B",J74>=50,"C",J74>=45,"D",J74>=40,"E",J74<40,"F")} -> D | K75: {=_xlfn.IFS(K74>= 70,"A",K74>=60,"B",K74>=50,"C",K74>=45,"D",K74>=40,"E",K74<40,"F")} -> D | L75: {=_xlfn.IFS(L74>= 70,"A",L74>=60,"B",L74>=50,"C",L74>=45,"D",L74>=40,"E",L74<40,"F")} -> D | M75: {=_xlfn.IFS(M74>= 70,"A",M74>=60,"B",M74>=50,"C",M74>=45,"D",M74>=40,"E",M74<40,"F")} -> D | N75: {=_xlfn.IFS(N74>= 70,"A",N74>=60,"B",N74>=50,"C",N74>=45,"D",N74>=40,"E",N74<40,"F")} -> C | O75: {=_xlfn.IFS(O74>= 70,"A",O74>=60,"B",O74>=50,"C",O74>=45,"D",O74>=40,"E",O74<40,"F")} -> C | P75: {=_xlfn.IFS(P74>= 70,"A",P74>=60,"B",P74>=50,"C",P74>=45,"D",P74>=40,"E",P74<40,"F")} -> C | ... AF75: {=_xlfn.IFS(AF74>= 70,"A",AF74>=60,"B",AF74>=50,"C",AF74>=45,"D",AF74>=40,"E",AF74<40,"F")} -> B | AH75: {=_xlfn.IFS(AG75>= 70,"A",AG75>=60,"B",AG75>=50,"C",AG75>=45,"D",AG75>=40,"E",AG75<40,"F")} -> F | AJ75: {=_xlfn.IFS(AI75>= 70,"A",AI75>=60,"B",AI75>=50,"C",AI75>=45,"D",AI75>=40,"E",AI75<40,"F")} -> F | AL75: {=_xlfn.IFS(AK75>= 70,"A",AK75>=60,"B",AK75>=50,"C",AK75>=45,"D",AK75>=40,"E",AK75<40,"F")} -> F | AM75: =SUMIFS($I$4:$W$4,I74:W74,">0") -> 23 | AN75: =(SUMIFS($I$4:$W$4,I74:W74,">0")-SUMIFS($I$4:$W$4,I75:W75,"F")) -> 23 | AO75: =SUMIFS($I$4:$W$4,I75:W75,"F") -> 0
A76: 36 | I76: 45 | J76: 46 | K76: 47 | L76: 48 | M76: 49 | N76: 50 | O76: 51 | P76: 52 | Q76: 53 | R76: 54 | S76: 55 | T76: 56 | U76: 57 | V76: 58 | W76: 59 | X76: 60 | Y76: 61 | Z76: 62 | AA76: 63 | AB76: 64 | AC76: 65 | AD76: 66 | AE76: 67 | AF76: 68 | AH76: {=_xlfn.IFS(AG76>= 70,"A",AG76>=60,"B",AG76>=50,"C",AG76>=45,"D",AG76>=40,"E",AG76<40,"F")} -> F | AJ76: {=_xlfn.IFS(AI76>= 70,"A",AI76>=60,"B",AI76>=50,"C",AI76>=45,"D",AI76>=40,"E",AI76<40,"F")} -> F | AL76: {=_xlfn.IFS(AK76>= 70,"A",AK76>=60,"B",AK76>=50,"C",AK76>=45,"D",AK76>=40,"E",AK76<40,"F")} -> F | AP76: {=SUM(VLOOKUP(I77:W77,GRADEPOINT!$A$2:$B$7,2,0)*$I$4:$W$4)} -> 61 | AQ76: =ROUND(AP76/AM77,2) -> 2.65
I77: {=_xlfn.IFS(I76>= 70,"A",I76>=60,"B",I76>=50,"C",I76>=45,"D",I76>=40,"E",I76<40,"F")} -> D | J77: {=_xlfn.IFS(J76>= 70,"A",J76>=60,"B",J76>=50,"C",J76>=45,"D",J76>=40,"E",J76<40,"F")} -> D | K77: {=_xlfn.IFS(K76>= 70,"A",K76>=60,"B",K76>=50,"C",K76>=45,"D",K76>=40,"E",K76<40,"F")} -> D | L77: {=_xlfn.IFS(L76>= 70,"A",L76>=60,"B",L76>=50,"C",L76>=45,"D",L76>=40,"E",L76<40,"F")} -> D | M77: {=_xlfn.IFS(M76>= 70,"A",M76>=60,"B",M76>=50,"C",M76>=45,"D",M76>=40,"E",M76<40,"F")} -> D | N77: {=_xlfn.IFS(N76>= 70,"A",N76>=60,"B",N76>=50,"C",N76>=45,"D",N76>=40,"E",N76<40,"F")} -> C | O77: {=_xlfn.IFS(O76>= 70,"A",O76>=60,"B",O76>=50,"C",O76>=45,"D",O76>=40,"E",O76<40,"F")} -> C | P77: {=_xlfn.IFS(P76>= 70,"A",P76>=60,"B",P76>=50,"C",P76>=45,"D",P76>=40,"E",P76<40,"F")} -> C | ... AF77: {=_xlfn.IFS(AF76>= 70,"A",AF76>=60,"B",AF76>=50,"C",AF76>=45,"D",AF76>=40,"E",AF76<40,"F")} -> B | AH77: {=_xlfn.IFS(AG77>= 70,"A",AG77>=60,"B",AG77>=50,"C",AG77>=45,"D",AG77>=40,"E",AG77<40,"F")} -> F | AJ77: {=_xlfn.IFS(AI77>= 70,"A",AI77>=60,"B",AI77>=50,"C",AI77>=45,"D",AI77>=40,"E",AI77<40,"F")} -> F | AL77: {=_xlfn.IFS(AK77>= 70,"A",AK77>=60,"B",AK77>=50,"C",AK77>=45,"D",AK77>=40,"E",AK77<40,"F")} -> F | AM77: =SUMIFS($I$4:$W$4,I76:W76,">0") -> 23 | AN77: =(SUMIFS($I$4:$W$4,I76:W76,">0")-SUMIFS($I$4:$W$4,I77:W77,"F")) -> 23 | AO77: =SUMIFS($I$4:$W$4,I77:W77,"F") -> 0
A78: 37 | I78: 45 | J78: 46 | K78: 47 | L78: 48 | M78: 49 | N78: 50 | O78: 51 | P78: 52 | Q78: 53 | R78: 54 | S78: 55 | T78: 56 | U78: 57 | V78: 58 | W78: 59 | X78: 60 | Y78: 61 | Z78: 62 | AA78: 63 | AB78: 64 | AC78: 65 | AD78: 66 | AE78: 67 | AF78: 68 | AH78: {=_xlfn.IFS(AG78>= 70,"A",AG78>=60,"B",AG78>=50,"C",AG78>=45,"D",AG78>=40,"E",AG78<40,"F")} -> F | AJ78: {=_xlfn.IFS(AI78>= 70,"A",AI78>=60,"B",AI78>=50,"C",AI78>=45,"D",AI78>=40,"E",AI78<40,"F")} -> F | AL78: {=_xlfn.IFS(AK78>= 70,"A",AK78>=60,"B",AK78>=50,"C",AK78>=45,"D",AK78>=40,"E",AK78<40,"F")} -> F | AP78: {=SUM(VLOOKUP(I79:W79,GRADEPOINT!$A$2:$B$7,2,0)*$I$4:$W$4)} -> 61 | AQ78: =ROUND(AP78/AM79,2) -> 2.65
I79: {=_xlfn.IFS(I78>= 70,"A",I78>=60,"B",I78>=50,"C",I78>=45,"D",I78>=40,"E",I78<40,"F")} -> D | J79: {=_xlfn.IFS(J78>= 70,"A",J78>=60,"B",J78>=50,"C",J78>=45,"D",J78>=40,"E",J78<40,"F")} -> D | K79: {=_xlfn.IFS(K78>= 70,"A",K78>=60,"B",K78>=50,"C",K78>=45,"D",K78>=40,"E",K78<40,"F")} -> D | L79: {=_xlfn.IFS(L78>= 70,"A",L78>=60,"B",L78>=50,"C",L78>=45,"D",L78>=40,"E",L78<40,"F")} -> D | M79: {=_xlfn.IFS(M78>= 70,"A",M78>=60,"B",M78>=50,"C",M78>=45,"D",M78>=40,"E",M78<40,"F")} -> D | N79: {=_xlfn.IFS(N78>= 70,"A",N78>=60,"B",N78>=50,"C",N78>=45,"D",N78>=40,"E",N78<40,"F")} -> C | O79: {=_xlfn.IFS(O78>= 70,"A",O78>=60,"B",O78>=50,"C",O78>=45,"D",O78>=40,"E",O78<40,"F")} -> C | P79: {=_xlfn.IFS(P78>= 70,"A",P78>=60,"B",P78>=50,"C",P78>=45,"D",P78>=40,"E",P78<40,"F")} -> C | ... AF79: {=_xlfn.IFS(AF78>= 70,"A",AF78>=60,"B",AF78>=50,"C",AF78>=45,"D",AF78>=40,"E",AF78<40,"F")} -> B | AM79: =SUMIFS($I$4:$W$4,I78:W78,">0") -> 23 | AN79: =(SUMIFS($I$4:$W$4,I78:W78,">0")-SUMIFS($I$4:$W$4,I79:W79,"F")) -> 23 | AO79: =SUMIFS($I$4:$W$4,I79:W79,"F") -> 0
A80: 38 | I80: 45 | J80: 46 | K80: 47 | L80: 48 | M80: 49 | N80: 50 | O80: 51 | P80: 52 | Q80: 53 | R80: 54 | S80: 55 | T80: 56 | U80: 57 | V80: 58 | W80: 59 | X80: 60 | Y80: 61 | Z80: 62 | AA80: 63 | AB80: 64 | AC80: 65 | AD80: 66 | AE80: 67 | AF80: 68 | AP80: {=SUM(VLOOKUP(I81:W81,GRADEPOINT!$A$2:$B$7,2,0)*$I$4:$W$4)} -> 61 | AQ80: =ROUND(AP80/AM81,2) -> 2.65
I81: {=_xlfn.IFS(I80>= 70,"A",I80>=60,"B",I80>=50,"C",I80>=45,"D",I80>=40,"E",I80<40,"F")} -> D | J81: {=_xlfn.IFS(J80>= 70,"A",J80>=60,"B",J80>=50,"C",J80>=45,"D",J80>=40,"E",J80<40,"F")} -> D | K81: {=_xlfn.IFS(K80>= 70,"A",K80>=60,"B",K80>=50,"C",K80>=45,"D",K80>=40,"E",K80<40,"F")} -> D | L81: {=_xlfn.IFS(L80>= 70,"A",L80>=60,"B",L80>=50,"C",L80>=45,"D",L80>=40,"E",L80<40,"F")} -> D | M81: {=_xlfn.IFS(M80>= 70,"A",M80>=60,"B",M80>=50,"C",M80>=45,"D",M80>=40,"E",M80<40,"F")} -> D | N81: {=_xlfn.IFS(N80>= 70,"A",N80>=60,"B",N80>=50,"C",N80>=45,"D",N80>=40,"E",N80<40,"F")} -> C | O81: {=_xlfn.IFS(O80>= 70,"A",O80>=60,"B",O80>=50,"C",O80>=45,"D",O80>=40,"E",O80<40,"F")} -> C | P81: {=_xlfn.IFS(P80>= 70,"A",P80>=60,"B",P80>=50,"C",P80>=45,"D",P80>=40,"E",P80<40,"F")} -> C | ... AF81: {=_xlfn.IFS(AF80>= 70,"A",AF80>=60,"B",AF80>=50,"C",AF80>=45,"D",AF80>=40,"E",AF80<40,"F")} -> B | AM81: =SUMIFS($I$4:$W$4,I80:W80,">0") -> 23 | AN81: =(SUMIFS($I$4:$W$4,I80:W80,">0")-SUMIFS($I$4:$W$4,I81:W81,"F")) -> 23 | AO81: =SUMIFS($I$4:$W$4,I81:W81,"F") -> 0
A82: 39 | I82: 45 | J82: 46 | K82: 47 | L82: 48 | M82: 49 | N82: 50 | O82: 51 | P82: 52 | Q82: 53 | R82: 54 | S82: 55 | T82: 56 | U82: 57 | V82: 58 | W82: 59 | X82: 60 | Y82: 61 | Z82: 62 | AA82: 63 | AB82: 64 | AC82: 65 | AD82: 66 | AE82: 67 | AF82: 68 | AP82: {=SUM(VLOOKUP(I83:W83,GRADEPOINT!$A$2:$B$7,2,0)*$I$4:$W$4)} -> 61 | AQ82: =ROUND(AP82/AM83,2) -> 2.65
I83: {=_xlfn.IFS(I82>= 70,"A",I82>=60,"B",I82>=50,"C",I82>=45,"D",I82>=40,"E",I82<40,"F")} -> D | J83: {=_xlfn.IFS(J82>= 70,"A",J82>=60,"B",J82>=50,"C",J82>=45,"D",J82>=40,"E",J82<40,"F")} -> D | K83: {=_xlfn.IFS(K82>= 70,"A",K82>=60,"B",K82>=50,"C",K82>=45,"D",K82>=40,"E",K82<40,"F")} -> D | L83: {=_xlfn.IFS(L82>= 70,"A",L82>=60,"B",L82>=50,"C",L82>=45,"D",L82>=40,"E",L82<40,"F")} -> D | M83: {=_xlfn.IFS(M82>= 70,"A",M82>=60,"B",M82>=50,"C",M82>=45,"D",M82>=40,"E",M82<40,"F")} -> D | N83: {=_xlfn.IFS(N82>= 70,"A",N82>=60,"B",N82>=50,"C",N82>=45,"D",N82>=40,"E",N82<40,"F")} -> C | O83: {=_xlfn.IFS(O82>= 70,"A",O82>=60,"B",O82>=50,"C",O82>=45,"D",O82>=40,"E",O82<40,"F")} -> C | P83: {=_xlfn.IFS(P82>= 70,"A",P82>=60,"B",P82>=50,"C",P82>=45,"D",P82>=40,"E",P82<40,"F")} -> C | ... AF83: {=_xlfn.IFS(AF82>= 70,"A",AF82>=60,"B",AF82>=50,"C",AF82>=45,"D",AF82>=40,"E",AF82<40,"F")} -> B | AM83: =SUMIFS($I$4:$W$4,I82:W82,">0") -> 23 | AN83: =(SUMIFS($I$4:$W$4,I82:W82,">0")-SUMIFS($I$4:$W$4,I83:W83,"F")) -> 23 | AO83: =SUMIFS($I$4:$W$4,I83:W83,"F") -> 0
A84: 40 | I84: 45 | J84: 46 | K84: 47 | L84: 48 | M84: 49 | N84: 50 | O84: 51 | P84: 52 | Q84: 53 | R84: 54 | S84: 55 | T84: 56 | U84: 57 | V84: 58 | W84: 59 | X84: 60 | Y84: 61 | Z84: 62 | AA84: 63 | AB84: 64 | AC84: 65 | AD84: 66 | AE84: 67 | AF84: 68 | AP84: {=SUM(VLOOKUP(I85:W85,GRADEPOINT!$A$2:$B$7,2,0)*$I$4:$W$4)} -> 61 | AQ84: =ROUND(AP84/AM85,2) -> 2.65
I85: {=_xlfn.IFS(I84>= 70,"A",I84>=60,"B",I84>=50,"C",I84>=45,"D",I84>=40,"E",I84<40,"F")} -> D | J85: {=_xlfn.IFS(J84>= 70,"A",J84>=60,"B",J84>=50,"C",J84>=45,"D",J84>=40,"E",J84<40,"F")} -> D | K85: {=_xlfn.IFS(K84>= 70,"A",K84>=60,"B",K84>=50,"C",K84>=45,"D",K84>=40,"E",K84<40,"F")} -> D | L85: {=_xlfn.IFS(L84>= 70,"A",L84>=60,"B",L84>=50,"C",L84>=45,"D",L84>=40,"E",L84<40,"F")} -> D | M85: {=_xlfn.IFS(M84>= 70,"A",M84>=60,"B",M84>=50,"C",M84>=45,"D",M84>=40,"E",M84<40,"F")} -> D | N85: {=_xlfn.IFS(N84>= 70,"A",N84>=60,"B",N84>=50,"C",N84>=45,"D",N84>=40,"E",N84<40,"F")} -> C | O85: {=_xlfn.IFS(O84>= 70,"A",O84>=60,"B",O84>=50,"C",O84>=45,"D",O84>=40,"E",O84<40,"F")} -> C | P85: {=_xlfn.IFS(P84>= 70,"A",P84>=60,"B",P84>=50,"C",P84>=45,"D",P84>=40,"E",P84<40,"F")} -> C | ... AF85: {=_xlfn.IFS(AF84>= 70,"A",AF84>=60,"B",AF84>=50,"C",AF84>=45,"D",AF84>=40,"E",AF84<40,"F")} -> B | AM85: =SUMIFS($I$4:$W$4,I84:W84,">0") -> 23 | AN85: =(SUMIFS($I$4:$W$4,I84:W84,">0")-SUMIFS($I$4:$W$4,I85:W85,"F")) -> 23 | AO85: =SUMIFS($I$4:$W$4,I85:W85,"F") -> 0
A86: 41 | I86: 45 | J86: 46 | K86: 47 | L86: 48 | M86: 49 | N86: 50 | O86: 51 | P86: 52 | Q86: 53 | R86: 54 | S86: 55 | T86: 56 | U86: 57 | V86: 58 | W86: 59 | X86: 60 | Y86: 61 | Z86: 62 | AA86: 63 | AB86: 64 | AC86: 65 | AD86: 66 | AE86: 67 | AF86: 68 | AP86: {=SUM(VLOOKUP(I87:W87,GRADEPOINT!$A$2:$B$7,2,0)*$I$4:$W$4)} -> 61 | AQ86: =ROUND(AP86/AM87,2) -> 2.65
I87: {=_xlfn.IFS(I86>= 70,"A",I86>=60,"B",I86>=50,"C",I86>=45,"D",I86>=40,"E",I86<40,"F")} -> D | J87: {=_xlfn.IFS(J86>= 70,"A",J86>=60,"B",J86>=50,"C",J86>=45,"D",J86>=40,"E",J86<40,"F")} -> D | K87: {=_xlfn.IFS(K86>= 70,"A",K86>=60,"B",K86>=50,"C",K86>=45,"D",K86>=40,"E",K86<40,"F")} -> D | L87: {=_xlfn.IFS(L86>= 70,"A",L86>=60,"B",L86>=50,"C",L86>=45,"D",L86>=40,"E",L86<40,"F")} -> D | M87: {=_xlfn.IFS(M86>= 70,"A",M86>=60,"B",M86>=50,"C",M86>=45,"D",M86>=40,"E",M86<40,"F")} -> D | N87: {=_xlfn.IFS(N86>= 70,"A",N86>=60,"B",N86>=50,"C",N86>=45,"D",N86>=40,"E",N86<40,"F")} -> C | O87: {=_xlfn.IFS(O86>= 70,"A",O86>=60,"B",O86>=50,"C",O86>=45,"D",O86>=40,"E",O86<40,"F")} -> C | P87: {=_xlfn.IFS(P86>= 70,"A",P86>=60,"B",P86>=50,"C",P86>=45,"D",P86>=40,"E",P86<40,"F")} -> C | ... AF87: {=_xlfn.IFS(AF86>= 70,"A",AF86>=60,"B",AF86>=50,"C",AF86>=45,"D",AF86>=40,"E",AF86<40,"F")} -> B | AM87: =SUMIFS($I$4:$W$4,I86:W86,">0") -> 23 | AN87: =(SUMIFS($I$4:$W$4,I86:W86,">0")-SUMIFS($I$4:$W$4,I87:W87,"F")) -> 23 | AO87: =SUMIFS($I$4:$W$4,I87:W87,"F") -> 0
A88: 42 | I88: 45 | J88: 46 | K88: 47 | L88: 48 | M88: 49 | N88: 50 | O88: 51 | P88: 52 | Q88: 53 | R88: 54 | S88: 55 | T88: 56 | U88: 57 | V88: 58 | W88: 59 | X88: 60 | Y88: 61 | Z88: 62 | AA88: 63 | AB88: 64 | AC88: 65 | AD88: 66 | AE88: 67 | AF88: 68 | AP88: {=SUM(VLOOKUP(I89:W89,GRADEPOINT!$A$2:$B$7,2,0)*$I$4:$W$4)} -> 61 | AQ88: =ROUND(AP88/AM89,2) -> 2.65
I89: {=_xlfn.IFS(I88>= 70,"A",I88>=60,"B",I88>=50,"C",I88>=45,"D",I88>=40,"E",I88<40,"F")} -> D | J89: {=_xlfn.IFS(J88>= 70,"A",J88>=60,"B",J88>=50,"C",J88>=45,"D",J88>=40,"E",J88<40,"F")} -> D | K89: {=_xlfn.IFS(K88>= 70,"A",K88>=60,"B",K88>=50,"C",K88>=45,"D",K88>=40,"E",K88<40,"F")} -> D | L89: {=_xlfn.IFS(L88>= 70,"A",L88>=60,"B",L88>=50,"C",L88>=45,"D",L88>=40,"E",L88<40,"F")} -> D | M89: {=_xlfn.IFS(M88>= 70,"A",M88>=60,"B",M88>=50,"C",M88>=45,"D",M88>=40,"E",M88<40,"F")} -> D | N89: {=_xlfn.IFS(N88>= 70,"A",N88>=60,"B",N88>=50,"C",N88>=45,"D",N88>=40,"E",N88<40,"F")} -> C | O89: {=_xlfn.IFS(O88>= 70,"A",O88>=60,"B",O88>=50,"C",O88>=45,"D",O88>=40,"E",O88<40,"F")} -> C | P89: {=_xlfn.IFS(P88>= 70,"A",P88>=60,"B",P88>=50,"C",P88>=45,"D",P88>=40,"E",P88<40,"F")} -> C | ... AF89: {=_xlfn.IFS(AF88>= 70,"A",AF88>=60,"B",AF88>=50,"C",AF88>=45,"D",AF88>=40,"E",AF88<40,"F")} -> B | AM89: =SUMIFS($I$4:$W$4,I88:W88,">0") -> 23 | AN89: =(SUMIFS($I$4:$W$4,I88:W88,">0")-SUMIFS($I$4:$W$4,I89:W89,"F")) -> 23 | AO89: =SUMIFS($I$4:$W$4,I89:W89,"F") -> 0
A90: 43 | I90: 45 | J90: 46 | K90: 47 | L90: 48 | M90: 49 | N90: 50 | O90: 51 | P90: 52 | Q90: 53 | R90: 54 | S90: 55 | T90: 56 | U90: 57 | V90: 58 | W90: 59 | X90: 60 | Y90: 61 | Z90: 62 | AA90: 63 | AB90: 64 | AC90: 65 | AD90: 66 | AE90: 67 | AF90: 68 | AP90: {=SUM(VLOOKUP(I91:W91,GRADEPOINT!$A$2:$B$7,2,0)*$I$4:$W$4)} -> 61 | AQ90: =ROUND(AP90/AM91,2) -> 2.65
I91: {=_xlfn.IFS(I90>= 70,"A",I90>=60,"B",I90>=50,"C",I90>=45,"D",I90>=40,"E",I90<40,"F")} -> D | J91: {=_xlfn.IFS(J90>= 70,"A",J90>=60,"B",J90>=50,"C",J90>=45,"D",J90>=40,"E",J90<40,"F")} -> D | K91: {=_xlfn.IFS(K90>= 70,"A",K90>=60,"B",K90>=50,"C",K90>=45,"D",K90>=40,"E",K90<40,"F")} -> D | L91: {=_xlfn.IFS(L90>= 70,"A",L90>=60,"B",L90>=50,"C",L90>=45,"D",L90>=40,"E",L90<40,"F")} -> D | M91: {=_xlfn.IFS(M90>= 70,"A",M90>=60,"B",M90>=50,"C",M90>=45,"D",M90>=40,"E",M90<40,"F")} -> D | N91: {=_xlfn.IFS(N90>= 70,"A",N90>=60,"B",N90>=50,"C",N90>=45,"D",N90>=40,"E",N90<40,"F")} -> C | O91: {=_xlfn.IFS(O90>= 70,"A",O90>=60,"B",O90>=50,"C",O90>=45,"D",O90>=40,"E",O90<40,"F")} -> C | P91: {=_xlfn.IFS(P90>= 70,"A",P90>=60,"B",P90>=50,"C",P90>=45,"D",P90>=40,"E",P90<40,"F")} -> C | ... AF91: {=_xlfn.IFS(AF90>= 70,"A",AF90>=60,"B",AF90>=50,"C",AF90>=45,"D",AF90>=40,"E",AF90<40,"F")} -> B | AM91: =SUMIFS($I$4:$W$4,I90:W90,">0") -> 23 | AN91: =(SUMIFS($I$4:$W$4,I90:W90,">0")-SUMIFS($I$4:$W$4,I91:W91,"F")) -> 23 | AO91: =SUMIFS($I$4:$W$4,I91:W91,"F") -> 0
A92: 44 | I92: 45 | J92: 46 | K92: 47 | L92: 48 | M92: 49 | N92: 50 | O92: 51 | P92: 52 | Q92: 53 | R92: 54 | S92: 55 | T92: 56 | U92: 57 | V92: 58 | W92: 59 | X92: 60 | Y92: 61 | Z92: 62 | AA92: 63 | AB92: 64 | AC92: 65 | AD92: 66 | AE92: 67 | AF92: 68 | AP92: {=SUM(VLOOKUP(I93:W93,GRADEPOINT!$A$2:$B$7,2,0)*$I$4:$W$4)} -> 61 | AQ92: =ROUND(AP92/AM93,2) -> 2.65
I93: {=_xlfn.IFS(I92>= 70,"A",I92>=60,"B",I92>=50,"C",I92>=45,"D",I92>=40,"E",I92<40,"F")} -> D | J93: {=_xlfn.IFS(J92>= 70,"A",J92>=60,"B",J92>=50,"C",J92>=45,"D",J92>=40,"E",J92<40,"F")} -> D | K93: {=_xlfn.IFS(K92>= 70,"A",K92>=60,"B",K92>=50,"C",K92>=45,"D",K92>=40,"E",K92<40,"F")} -> D | L93: {=_xlfn.IFS(L92>= 70,"A",L92>=60,"B",L92>=50,"C",L92>=45,"D",L92>=40,"E",L92<40,"F")} -> D | M93: {=_xlfn.IFS(M92>= 70,"A",M92>=60,"B",M92>=50,"C",M92>=45,"D",M92>=40,"E",M92<40,"F")} -> D | N93: {=_xlfn.IFS(N92>= 70,"A",N92>=60,"B",N92>=50,"C",N92>=45,"D",N92>=40,"E",N92<40,"F")} -> C | O93: {=_xlfn.IFS(O92>= 70,"A",O92>=60,"B",O92>=50,"C",O92>=45,"D",O92>=40,"E",O92<40,"F")} -> C | P93: {=_xlfn.IFS(P92>= 70,"A",P92>=60,"B",P92>=50,"C",P92>=45,"D",P92>=40,"E",P92<40,"F")} -> C | ... AF93: {=_xlfn.IFS(AF92>= 70,"A",AF92>=60,"B",AF92>=50,"C",AF92>=45,"D",AF92>=40,"E",AF92<40,"F")} -> B | AM93: =SUMIFS($I$4:$W$4,I92:W92,">0") -> 23 | AN93: =(SUMIFS($I$4:$W$4,I92:W92,">0")-SUMIFS($I$4:$W$4,I93:W93,"F")) -> 23 | AO93: =SUMIFS($I$4:$W$4,I93:W93,"F") -> 0
A94: 45 | I94: 45 | J94: 46 | K94: 47 | L94: 48 | M94: 49 | N94: 50 | O94: 51 | P94: 52 | Q94: 53 | R94: 54 | S94: 55 | T94: 56 | U94: 57 | V94: 58 | W94: 59 | X94: 60 | Y94: 61 | Z94: 62 | AA94: 63 | AB94: 64 | AC94: 65 | AD94: 66 | AE94: 67 | AF94: 68 | AP94: {=SUM(VLOOKUP(I95:W95,GRADEPOINT!$A$2:$B$7,2,0)*$I$4:$W$4)} -> 61 | AQ94: =ROUND(AP94/AM95,2) -> 2.65
I95: {=_xlfn.IFS(I94>= 70,"A",I94>=60,"B",I94>=50,"C",I94>=45,"D",I94>=40,"E",I94<40,"F")} -> D | J95: {=_xlfn.IFS(J94>= 70,"A",J94>=60,"B",J94>=50,"C",J94>=45,"D",J94>=40,"E",J94<40,"F")} -> D | K95: {=_xlfn.IFS(K94>= 70,"A",K94>=60,"B",K94>=50,"C",K94>=45,"D",K94>=40,"E",K94<40,"F")} -> D | L95: {=_xlfn.IFS(L94>= 70,"A",L94>=60,"B",L94>=50,"C",L94>=45,"D",L94>=40,"E",L94<40,"F")} -> D | M95: {=_xlfn.IFS(M94>= 70,"A",M94>=60,"B",M94>=50,"C",M94>=45,"D",M94>=40,"E",M94<40,"F")} -> D | N95: {=_xlfn.IFS(N94>= 70,"A",N94>=60,"B",N94>=50,"C",N94>=45,"D",N94>=40,"E",N94<40,"F")} -> C | O95: {=_xlfn.IFS(O94>= 70,"A",O94>=60,"B",O94>=50,"C",O94>=45,"D",O94>=40,"E",O94<40,"F")} -> C | P95: {=_xlfn.IFS(P94>= 70,"A",P94>=60,"B",P94>=50,"C",P94>=45,"D",P94>=40,"E",P94<40,"F")} -> C | ... AF95: {=_xlfn.IFS(AF94>= 70,"A",AF94>=60,"B",AF94>=50,"C",AF94>=45,"D",AF94>=40,"E",AF94<40,"F")} -> B | AM95: =SUMIFS($I$4:$W$4,I94:W94,">0") -> 23 | AN95: =(SUMIFS($I$4:$W$4,I94:W94,">0")-SUMIFS($I$4:$W$4,I95:W95,"F")) -> 23 | AO95: =SUMIFS($I$4:$W$4,I95:W95,"F") -> 0
A96: 46 | I96: 45 | J96: 46 | K96: 47 | L96: 48 | M96: 49 | N96: 50 | O96: 51 | P96: 52 | Q96: 53 | R96: 54 | S96: 55 | T96: 56 | U96: 57 | V96: 58 | W96: 59 | X96: 60 | Y96: 61 | Z96: 62 | AA96: 63 | AB96: 64 | AC96: 65 | AD96: 66 | AE96: 67 | AF96: 68 | AP96: {=SUM(VLOOKUP(I97:W97,GRADEPOINT!$A$2:$B$7,2,0)*$I$4:$W$4)} -> 61 | AQ96: =ROUND(AP96/AM97,2) -> 2.65
I97: {=_xlfn.IFS(I96>= 70,"A",I96>=60,"B",I96>=50,"C",I96>=45,"D",I96>=40,"E",I96<40,"F")} -> D | J97: {=_xlfn.IFS(J96>= 70,"A",J96>=60,"B",J96>=50,"C",J96>=45,"D",J96>=40,"E",J96<40,"F")} -> D | K97: {=_xlfn.IFS(K96>= 70,"A",K96>=60,"B",K96>=50,"C",K96>=45,"D",K96>=40,"E",K96<40,"F")} -> D | L97: {=_xlfn.IFS(L96>= 70,"A",L96>=60,"B",L96>=50,"C",L96>=45,"D",L96>=40,"E",L96<40,"F")} -> D | M97: {=_xlfn.IFS(M96>= 70,"A",M96>=60,"B",M96>=50,"C",M96>=45,"D",M96>=40,"E",M96<40,"F")} -> D | N97: {=_xlfn.IFS(N96>= 70,"A",N96>=60,"B",N96>=50,"C",N96>=45,"D",N96>=40,"E",N96<40,"F")} -> C | O97: {=_xlfn.IFS(O96>= 70,"A",O96>=60,"B",O96>=50,"C",O96>=45,"D",O96>=40,"E",O96<40,"F")} -> C | P97: {=_xlfn.IFS(P96>= 70,"A",P96>=60,"B",P96>=50,"C",P96>=45,"D",P96>=40,"E",P96<40,"F")} -> C | ... AF97: {=_xlfn.IFS(AF96>= 70,"A",AF96>=60,"B",AF96>=50,"C",AF96>=45,"D",AF96>=40,"E",AF96<40,"F")} -> B | AM97: =SUMIFS($I$4:$W$4,I96:W96,">0") -> 23 | AN97: =(SUMIFS($I$4:$W$4,I96:W96,">0")-SUMIFS($I$4:$W$4,I97:W97,"F")) -> 23 | AO97: =SUMIFS($I$4:$W$4,I97:W97,"F") -> 0
A98: 47 | I98: 45 | J98: 46 | K98: 47 | L98: 48 | M98: 49 | N98: 50 | O98: 51 | P98: 52 | Q98: 53 | R98: 54 | S98: 55 | T98: 56 | U98: 57 | V98: ABS | W98: 59 | AP98: {=SUM(VLOOKUP(I99:W99,GRADEPOINT!$A$2:$B$7,2,0)*$I$4:$W$4)} -> 63 | AQ98: =ROUND(AP98/AM99,2) -> 2.86
I99: {=_xlfn.IFS(I98>= 70,"A",I98>=60,"B",I98>=50,"C",I98>=45,"D",I98>=40,"E",I98<40,"F")} -> D | J99: {=_xlfn.IFS(J98>= 70,"A",J98>=60,"B",J98>=50,"C",J98>=45,"D",J98>=40,"E",J98<40,"F")} -> D | K99: {=_xlfn.IFS(K98>= 70,"A",K98>=60,"B",K98>=50,"C",K98>=45,"D",K98>=40,"E",K98<40,"F")} -> D | L99: {=_xlfn.IFS(L98>= 70,"A",L98>=60,"B",L98>=50,"C",L98>=45,"D",L98>=40,"E",L98<40,"F")} -> D | M99: {=_xlfn.IFS(M98>= 70,"A",M98>=60,"B",M98>=50,"C",M98>=45,"D",M98>=40,"E",M98<40,"F")} -> D | N99: {=_xlfn.IFS(N98>= 70,"A",N98>=60,"B",N98>=50,"C",N98>=45,"D",N98>=40,"E",N98<40,"F")} -> C | O99: {=_xlfn.IFS(O98>= 70,"A",O98>=60,"B",O98>=50,"C",O98>=45,"D",O98>=40,"E",O98<40,"F")} -> C | P99: {=_xlfn.IFS(P98>= 70,"A",P98>=60,"B",P98>=50,"C",P98>=45,"D",P98>=40,"E",P98<40,"F")} -> C | ... W99: {=_xlfn.IFS(W98>= 70,"A",W98>=60,"B",W98>=50,"C",W98>=45,"D",W98>=40,"E",W98<40,"F")} -> C | AM99: =SUMIFS($I$4:$W$4,I98:W98,">0") -> 22 | AN99: =(SUMIFS($I$4:$W$4,I98:W98,">0")-SUMIFS($I$4:$W$4,I99:W99,"F")) -> 22 | AO99: =SUMIFS($I$4:$W$4,I99:W99,"F") -> 0
A100: 48 | I100: 45 | J100: 46 | K100: 47 | L100: 48 | M100: 49 | N100: 50 | O100: 51 | P100: 52 | Q100: 53 | R100: 54 | S100: 55 | T100: 56 | U100: 57 | V100: 58 | W100: 59 | AP100: {=SUM(VLOOKUP(I101:W101,GRADEPOINT!$A$2:$B$7,2,0)*$I$4:$W$4)} -> 61 | AQ100: =ROUND(AP100/AM101,2) -> 2.65
...

Sheet Sheet4
A1: 2 | B1: 2 | C1: 1 | D1: 2 | E1: 1 | F1: 3 | G1: 2 | H1: 2 | I1: 2 | J1: 1 | K1: 1 | L1: 1 | M1: 1 | N1: 1 | O1: 1
A2: D | B2: D | C2: D | D2: D | E2: D | F2: C | G2: F | H2: C | I2: F | J2: C | K2: C | L2: C | M2: C | N2: C | O2: F
A3: =VLOOKUP(A2,GRADEPOINT!$A$2:$B$7,2,0) -> 2 | B3: =VLOOKUP(B2,GRADEPOINT!$A$2:$B$7,2,0) -> 2 | C3: =VLOOKUP(C2,GRADEPOINT!$A$2:$B$7,2,0) -> 2 | D3: =VLOOKUP(D2,GRADEPOINT!$A$2:$B$7,2,0) -> 2 | E3: =VLOOKUP(E2,GRADEPOINT!$A$2:$B$7,2,0) -> 2 | F3: =VLOOKUP(F2,GRADEPOINT!$A$2:$B$7,2,0) -> 3 | G3: =VLOOKUP(G2,GRADEPOINT!$A$2:$B$7,2,0) -> 0 | H3: =VLOOKUP(H2,GRADEPOINT!$A$2:$B$7,2,0) -> 3 | ... O3: =VLOOKUP(O2,GRADEPOINT!$A$2:$B$7,2,0) -> 0 | Q3: =SUM(A3:O3) -> 31
A4: =A3*A1 -> 4 | B4: =B3*B1 -> 4 | C4: =C3*C1 -> 2 | D4: =D3*D1 -> 4 | E4: =E3*E1 -> 2 | F4: =F3*F1 -> 9 | G4: =G3*G1 -> 0 | H4: =H3*H1 -> 6 | ... O4: =O3*O1 -> 0 | Q4: =SUM(A4:O4) -> 46
A5: 45 | B5: 46 | C5: 47 | D5: 48 | E5: 49 | F5: 50 | G5: 51 | H5: 52 | I5: 53 | J5: 54 | K5: 55 | L5: 56 | M5: 57 | N5: 58 | O5: 59
A6: {=_xlfn.IFS(A5>= 70,"A",A5>=60,"B",A5>=50,"C",A5>=45,"D",A5>=40,"E",A5<40,"F")} -> D | B6: {=_xlfn.IFS(B5>= 70,"A",B5>=60,"B",B5>=50,"C",B5>=45,"D",B5>=40,"E",B5<40,"F")} -> D | C6: {=_xlfn.IFS(C5>= 70,"A",C5>=60,"B",C5>=50,"C",C5>=45,"D",C5>=40,"E",C5<40,"F")} -> D | D6: {=_xlfn.IFS(D5>= 70,"A",D5>=60,"B",D5>=50,"C",D5>=45,"D",D5>=40,"E",D5<40,"F")} -> D | E6: {=_xlfn.IFS(E5>= 70,"A",E5>=60,"B",E5>=50,"C",E5>=45,"D",E5>=40,"E",E5<40,"F")} -> D | F6: {=_xlfn.IFS(F5>= 70,"A",F5>=60,"B",F5>=50,"C",F5>=45,"D",F5>=40,"E",F5<40,"F")} -> C | G6: {=_xlfn.IFS(G5>= 70,"A",G5>=60,"B",G5>=50,"C",G5>=45,"D",G5>=40,"E",G5<40,"F")} -> C | H6: {=_xlfn.IFS(H5>= 70,"A",H5>=60,"B",H5>=50,"C",H5>=45,"D",H5>=40,"E",H5<40,"F")} -> C | ... O6: {=_xlfn.IFS(O5>= 70,"A",O5>=60,"B",O5>=50,"C",O5>=45,"D",O5>=40,"E",O5<40,"F")} -> C
A7: =VLOOKUP(A6,GRADEPOINT!$A$2:$B$7,2,0) -> 2 | B7: =VLOOKUP(B6,GRADEPOINT!$A$2:$B$7,2,0) -> 2 | C7: =VLOOKUP(C6,GRADEPOINT!$A$2:$B$7,2,0) -> 2 | D7: =VLOOKUP(D6,GRADEPOINT!$A$2:$B$7,2,0) -> 2 | E7: =VLOOKUP(E6,GRADEPOINT!$A$2:$B$7,2,0) -> 2 | F7: =VLOOKUP(F6,GRADEPOINT!$A$2:$B$7,2,0) -> 3 | G7: =VLOOKUP(G6,GRADEPOINT!$A$2:$B$7,2,0) -> 3 | H7: =VLOOKUP(H6,GRADEPOINT!$A$2:$B$7,2,0) -> 3 | ... O7: =VLOOKUP(O6,GRADEPOINT!$A$2:$B$7,2,0) -> 3 | Q7: =SUM(A7:O7) -> 40
A8: =A7*A1 -> 4 | B8: =B7*B1 -> 4 | C8: =C7*C1 -> 2 | D8: =D7*D1 -> 4 | E8: =E7*E1 -> 2 | F8: =F7*F1 -> 9 | G8: =G7*G1 -> 6 | H8: =H7*H1 -> 6 | ... O8: =O7*O1 -> 3 | Q8: =SUM(A8:O8) -> 61

Sheet Sheet3
A1: {=TRANSPOSE('REG. COURSES'!#REF!)} -> #REF!

Sheet GRADEPOINT
A1: GRADE POINTS
A2: A | B2: 5
A3: B | B3: 4
A4: C | B4: 3
A5: D | B5: 2
A6: E | B6: 1
A7: F | B7: 0

Sheet REG. COURSES
A2: COLLEGE OF SCIENCE AND COMPUTING
A4: DEPARTMENT OF MATHEMATICS AND COMPUTING
A5: SESSION | B5: 2024/2025 | I5: SESSION | J5: 2024/2025
A6: LEVEL | B6: 100 | I6: LEVEL | J6: 200
B7: YEAR ONE | J7: YEAR TWO
A8: Course Abbreviation | B8: Course Code | C8: Credit Unit | D8: Course Title | I8: Course Abbreviation | J8: Course Code | K8: Credit Unit | L8: Course Title
A9: FIRST SEMESTER | I9: FIRST SEMESTER
A10: GST | B10: 111 | C10: 2 | I10: GST | J10: 111 | K10: 2
A11: PHY | B11: 101 | C11: 2 | I11: PHY | J11: 101 | K11: 2
A12: WU | B12: 111 | C12: 1 | I12: WU | J12: 111 | K12: 1
A13: WU-GST | B13: 101 | C13: 2 | I13: WU-GST | J13: 101 | K13: 2
A14: WU-GST | B14: 111 | C14: 1 | I14: WU-GST | J14: 111 | K14: 1
A15: COS | B15: 101 | C15: 3 | I15: COS | J15: 101 | K15: 3
A16: BUA | B16: 101 | C16: 2 | I16: BUA | J16: 101 | K16: 2
A17: MTH | B17: 101 | C17: 2 | I17: MTH | J17: 101 | K17: 2
A18: MTH | B18: 103 | C18: 2 | I18: MTH | J18: 103 | K18: 2
A19: MTH | B19: 104 | C19: 1 | I19: MTH | J19: 104
A20: MTH | B20: 105 | C20: 1 | I20: MTH | J20: 105
A21: MTH | B21: 106 | C21: 1 | I21: MTH | J21: 106
A22: MTH | B22: 107 | C22: 1 | I22: MTH | J22: 107
A23: MTH | B23: 108 | C23: 1 | I23: MTH | J23: 108
A24: MTH | B24: 109 | C24: 1 | I24: MTH | J24: 109
A27: SECOND SEMESTER | I27: SECOND SEMESTER
A28: GST | B28: 112 | C28: 2 | I28: GST | J28: 112 | K28: 2
A29: PHY | B29: 102 | C29: 2 | I29: PHY | J29: 102 | K29: 2
A30: WU-GST | B30: 112 | C30: 1 | I30: WU-GST | J30: 112 | K30: 1
A31: WU | B31: 100 | C31: 1 | I31: WU | J31: 100 | K31: 1
A32: STA | B32: 112 | C32: 3 | I32: STA | J32: 112 | K32: 3
A33: WU-MTH | B33: 106 | C33: 1 | I33: WU-MTH | J33: 106 | K33: 1
A34: MTH | B34: 102 | C34: 2 | I34: MTH | J34: 102 | K34: 2
A35: MTH | I35: MTH
A36: MTH | I36: MTH
A37: MTH | I37: MTH
A38: MTH | I38: MTH
A39: MTH | I39: MTH
A40: MTH | I40: MTH
A41: MTH | I41: MTH
